Fecha,Numero
Mar 16/07/2024 - Nocturna,01.959
Mar 16/07/2024 - Nocturna,02.246
Mar 16/07/2024 - Nocturna,03.724
Mar 16/07/2024 - Nocturna,04.205
Mar 16/07/2024 - Nocturna,05.164
Mar 16/07/2024 - Nocturna,06.972
Mar 16/07/2024 - Nocturna,07.485
Mar 16/07/2024 - Nocturna,08.761
Mar 16/07/2024 - Nocturna,09.861
Mar 16/07/2024 - Nocturna,10.781
Mar 16/07/2024 - Nocturna,11.897
Mar 16/07/2024 - Nocturna,12.459
Mar 16/07/2024 - Nocturna,13.960
Mar 16/07/2024 - Nocturna,14.450
Mar 16/07/2024 - Nocturna,15.962
Mar 16/07/2024 - Nocturna,16.859
Mar 16/07/2024 - Nocturna,17.474
Mar 16/07/2024 - Nocturna,18.829
Mar 16/07/2024 - Nocturna,19.300
Mar 16/07/2024 - Nocturna,20.735
Mar 16/07/2024 - Vespertina,01.936
Mar 16/07/2024 - Vespertina,02.185
Mar 16/07/2024 - Vespertina,03.287
Mar 16/07/2024 - Vespertina,04.621
Mar 16/07/2024 - Vespertina,05.460
Mar 16/07/2024 - Vespertina,06.731
Mar 16/07/2024 - Vespertina,07.775
Mar 16/07/2024 - Vespertina,08.108
Mar 16/07/2024 - Vespertina,09.166
Mar 16/07/2024 - Vespertina,10.849
Mar 16/07/2024 - Vespertina,11.646
Mar 16/07/2024 - Vespertina,12.226
Mar 16/07/2024 - Vespertina,13.296
Mar 16/07/2024 - Vespertina,14.304
Mar 16/07/2024 - Vespertina,15.242
Mar 16/07/2024 - Vespertina,16.131
Mar 16/07/2024 - Vespertina,17.751
Mar 16/07/2024 - Vespertina,18.469
Mar 16/07/2024 - Vespertina,19.237
Mar 16/07/2024 - Vespertina,20.311
Lun 15/07/2024 - Nocturna,01.134
Lun 15/07/2024 - Nocturna,02.256
Lun 15/07/2024 - Nocturna,03.760
Lun 15/07/2024 - Nocturna,04.657
Lun 15/07/2024 - Nocturna,05.263
Lun 15/07/2024 - Nocturna,06.106
Lun 15/07/2024 - Nocturna,07.565
Lun 15/07/2024 - Nocturna,08.003
Lun 15/07/2024 - Nocturna,09.593
Lun 15/07/2024 - Nocturna,10.286
Lun 15/07/2024 - Nocturna,11.834
Lun 15/07/2024 - Nocturna,12.637
Lun 15/07/2024 - Nocturna,13.544
Lun 15/07/2024 - Nocturna,14.489
Lun 15/07/2024 - Nocturna,15.164
Lun 15/07/2024 - Nocturna,16.425
Lun 15/07/2024 - Nocturna,17.160
Lun 15/07/2024 - Nocturna,18.083
Lun 15/07/2024 - Nocturna,19.476
Lun 15/07/2024 - Nocturna,20.856
Lun 15/07/2024 - Vespertina,01.057
Lun 15/07/2024 - Vespertina,02.790
Lun 15/07/2024 - Vespertina,03.449
Lun 15/07/2024 - Vespertina,04.715
Lun 15/07/2024 - Vespertina,05.231
Lun 15/07/2024 - Vespertina,06.377
Lun 15/07/2024 - Vespertina,07.148
Lun 15/07/2024 - Vespertina,08.968
Lun 15/07/2024 - Vespertina,09.828
Lun 15/07/2024 - Vespertina,10.833
Lun 15/07/2024 - Vespertina,11.451
Lun 15/07/2024 - Vespertina,12.828
Lun 15/07/2024 - Vespertina,13.813
Lun 15/07/2024 - Vespertina,14.014
Lun 15/07/2024 - Vespertina,15.889
Lun 15/07/2024 - Vespertina,16.649
Lun 15/07/2024 - Vespertina,17.781
Lun 15/07/2024 - Vespertina,18.188
Lun 15/07/2024 - Vespertina,19.219
Lun 15/07/2024 - Vespertina,20.571
Sab 13/07/2024 - Nocturna,01.416
Sab 13/07/2024 - Nocturna,02.454
Sab 13/07/2024 - Nocturna,03.288
Sab 13/07/2024 - Nocturna,04.927
Sab 13/07/2024 - Nocturna,05.274
Sab 13/07/2024 - Nocturna,06.324
Sab 13/07/2024 - Nocturna,07.192
Sab 13/07/2024 - Nocturna,08.168
Sab 13/07/2024 - Nocturna,09.306
Sab 13/07/2024 - Nocturna,10.535
Sab 13/07/2024 - Nocturna,11.303
Sab 13/07/2024 - Nocturna,12.700
Sab 13/07/2024 - Nocturna,13.295
Sab 13/07/2024 - Nocturna,14.293
Sab 13/07/2024 - Nocturna,15.815
Sab 13/07/2024 - Nocturna,16.408
Sab 13/07/2024 - Nocturna,17.820
Sab 13/07/2024 - Nocturna,18.585
Sab 13/07/2024 - Nocturna,19.845
Sab 13/07/2024 - Nocturna,20.461
Vie 12/07/2024 - Nocturna,01.758
Vie 12/07/2024 - Nocturna,02.354
Vie 12/07/2024 - Nocturna,03.287
Vie 12/07/2024 - Nocturna,04.534
Vie 12/07/2024 - Nocturna,05.600
Vie 12/07/2024 - Nocturna,06.907
Vie 12/07/2024 - Nocturna,07.475
Vie 12/07/2024 - Nocturna,08.106
Vie 12/07/2024 - Nocturna,09.017
Vie 12/07/2024 - Nocturna,10.018
Vie 12/07/2024 - Nocturna,11.005
Vie 12/07/2024 - Nocturna,12.779
Vie 12/07/2024 - Nocturna,13.095
Vie 12/07/2024 - Nocturna,14.271
Vie 12/07/2024 - Nocturna,15.227
Vie 12/07/2024 - Nocturna,16.442
Vie 12/07/2024 - Nocturna,17.228
Vie 12/07/2024 - Nocturna,18.578
Vie 12/07/2024 - Nocturna,19.351
Vie 12/07/2024 - Nocturna,20.476
Vie 12/07/2024 - Vespertina,01.870
Vie 12/07/2024 - Vespertina,02.419
Vie 12/07/2024 - Vespertina,03.568
Vie 12/07/2024 - Vespertina,04.769
Vie 12/07/2024 - Vespertina,05.447
Vie 12/07/2024 - Vespertina,06.605
Vie 12/07/2024 - Vespertina,07.742
Vie 12/07/2024 - Vespertina,08.871
Vie 12/07/2024 - Vespertina,09.784
Vie 12/07/2024 - Vespertina,10.779
Vie 12/07/2024 - Vespertina,11.563
Vie 12/07/2024 - Vespertina,12.280
Vie 12/07/2024 - Vespertina,13.415
Vie 12/07/2024 - Vespertina,14.188
Vie 12/07/2024 - Vespertina,15.484
Vie 12/07/2024 - Vespertina,16.443
Vie 12/07/2024 - Vespertina,17.631
Vie 12/07/2024 - Vespertina,18.948
Vie 12/07/2024 - Vespertina,19.923
Vie 12/07/2024 - Vespertina,20.222
Jue 11/07/2024 - Nocturna,01.874
Jue 11/07/2024 - Nocturna,02.760
Jue 11/07/2024 - Nocturna,03.660
Jue 11/07/2024 - Nocturna,04.560
Jue 11/07/2024 - Nocturna,05.291
Jue 11/07/2024 - Nocturna,06.188
Jue 11/07/2024 - Nocturna,07.756
Jue 11/07/2024 - Nocturna,08.756
Jue 11/07/2024 - Nocturna,09.998
Jue 11/07/2024 - Nocturna,10.161
Jue 11/07/2024 - Nocturna,11.997
Jue 11/07/2024 - Nocturna,12.008
Jue 11/07/2024 - Nocturna,13.268
Jue 11/07/2024 - Nocturna,14.906
Jue 11/07/2024 - Nocturna,15.294
Jue 11/07/2024 - Nocturna,16.394
Jue 11/07/2024 - Nocturna,17.766
Jue 11/07/2024 - Nocturna,18.606
Jue 11/07/2024 - Nocturna,19.292
Jue 11/07/2024 - Nocturna,20.670
Jue 11/07/2024 - Vespertina,01.319
Jue 11/07/2024 - Vespertina,02.574
Jue 11/07/2024 - Vespertina,03.722
Jue 11/07/2024 - Vespertina,04.835
Jue 11/07/2024 - Vespertina,05.425
Jue 11/07/2024 - Vespertina,06.455
Jue 11/07/2024 - Vespertina,07.495
Jue 11/07/2024 - Vespertina,08.233
Jue 11/07/2024 - Vespertina,09.553
Jue 11/07/2024 - Vespertina,10.711
Jue 11/07/2024 - Vespertina,11.044
Jue 11/07/2024 - Vespertina,12.508
Jue 11/07/2024 - Vespertina,13.171
Jue 11/07/2024 - Vespertina,14.622
Jue 11/07/2024 - Vespertina,15.697
Jue 11/07/2024 - Vespertina,16.255
Jue 11/07/2024 - Vespertina,17.657
Jue 11/07/2024 - Vespertina,18.447
Jue 11/07/2024 - Vespertina,19.945
Jue 11/07/2024 - Vespertina,20.006
Mie 10/07/2024 - Nocturna,01.426
Mie 10/07/2024 - Nocturna,02.819
Mie 10/07/2024 - Nocturna,03.039
Mie 10/07/2024 - Nocturna,04.283
Mie 10/07/2024 - Nocturna,05.461
Mie 10/07/2024 - Nocturna,06.639
Mie 10/07/2024 - Nocturna,07.131
Mie 10/07/2024 - Nocturna,08.458
Mie 10/07/2024 - Nocturna,09.580
Mie 10/07/2024 - Nocturna,10.824
Mie 10/07/2024 - Nocturna,11.777
Mie 10/07/2024 - Nocturna,12.247
Mie 10/07/2024 - Nocturna,13.386
Mie 10/07/2024 - Nocturna,14.189
Mie 10/07/2024 - Nocturna,15.378
Mie 10/07/2024 - Nocturna,16.024
Mie 10/07/2024 - Nocturna,17.610
Mie 10/07/2024 - Nocturna,18.060
Mie 10/07/2024 - Nocturna,19.472
Mie 10/07/2024 - Nocturna,20.876
Mie 10/07/2024 - Vespertina,01.132
Mie 10/07/2024 - Vespertina,02.312
Mie 10/07/2024 - Vespertina,03.936
Mie 10/07/2024 - Vespertina,04.870
Mie 10/07/2024 - Vespertina,05.127
Mie 10/07/2024 - Vespertina,06.056
Mie 10/07/2024 - Vespertina,07.386
Mie 10/07/2024 - Vespertina,08.089
Mie 10/07/2024 - Vespertina,09.920
Mie 10/07/2024 - Vespertina,10.739
Mie 10/07/2024 - Vespertina,11.478
Mie 10/07/2024 - Vespertina,12.317
Mie 10/07/2024 - Vespertina,13.387
Mie 10/07/2024 - Vespertina,14.706
Mie 10/07/2024 - Vespertina,15.771
Mie 10/07/2024 - Vespertina,16.135
Mie 10/07/2024 - Vespertina,17.986
Mie 10/07/2024 - Vespertina,18.008
Mie 10/07/2024 - Vespertina,19.674
Mie 10/07/2024 - Vespertina,20.167
Mar 09/07/2024 - Nocturna,01.485
Mar 09/07/2024 - Nocturna,02.475
Mar 09/07/2024 - Nocturna,03.852
Mar 09/07/2024 - Nocturna,04.731
Mar 09/07/2024 - Nocturna,05.037
Mar 09/07/2024 - Nocturna,06.861
Mar 09/07/2024 - Nocturna,07.801
Mar 09/07/2024 - Nocturna,08.879
Mar 09/07/2024 - Nocturna,09.993
Mar 09/07/2024 - Nocturna,10.726
Mar 09/07/2024 - Nocturna,11.808
Mar 09/07/2024 - Nocturna,12.651
Mar 09/07/2024 - Nocturna,13.685
Mar 09/07/2024 - Nocturna,14.298
Mar 09/07/2024 - Nocturna,15.372
Mar 09/07/2024 - Nocturna,16.926
Mar 09/07/2024 - Nocturna,17.936
Mar 09/07/2024 - Nocturna,18.416
Mar 09/07/2024 - Nocturna,19.612
Mar 09/07/2024 - Nocturna,20.092
Mar 09/07/2024 - Vespertina,01.960
Mar 09/07/2024 - Vespertina,02.595
Mar 09/07/2024 - Vespertina,03.221
Mar 09/07/2024 - Vespertina,04.489
Mar 09/07/2024 - Vespertina,05.033
Mar 09/07/2024 - Vespertina,06.202
Mar 09/07/2024 - Vespertina,07.490
Mar 09/07/2024 - Vespertina,08.561
Mar 09/07/2024 - Vespertina,09.665
Mar 09/07/2024 - Vespertina,10.799
Mar 09/07/2024 - Vespertina,11.265
Mar 09/07/2024 - Vespertina,12.082
Mar 09/07/2024 - Vespertina,13.478
Mar 09/07/2024 - Vespertina,14.812
Mar 09/07/2024 - Vespertina,15.425
Mar 09/07/2024 - Vespertina,16.276
Mar 09/07/2024 - Vespertina,17.056
Mar 09/07/2024 - Vespertina,18.345
Mar 09/07/2024 - Vespertina,19.648
Mar 09/07/2024 - Vespertina,20.015
Lun 08/07/2024 - Nocturna,01.425
Lun 08/07/2024 - Nocturna,02.788
Lun 08/07/2024 - Nocturna,03.963
Lun 08/07/2024 - Nocturna,04.245
Lun 08/07/2024 - Nocturna,05.884
Lun 08/07/2024 - Nocturna,06.824
Lun 08/07/2024 - Nocturna,07.927
Lun 08/07/2024 - Nocturna,08.635
Lun 08/07/2024 - Nocturna,09.437
Lun 08/07/2024 - Nocturna,10.617
Lun 08/07/2024 - Nocturna,11.346
Lun 08/07/2024 - Nocturna,12.176
Lun 08/07/2024 - Nocturna,13.181
Lun 08/07/2024 - Nocturna,14.282
Lun 08/07/2024 - Nocturna,15.232
Lun 08/07/2024 - Nocturna,16.730
Lun 08/07/2024 - Nocturna,17.392
Lun 08/07/2024 - Nocturna,18.918
Lun 08/07/2024 - Nocturna,19.436
Lun 08/07/2024 - Nocturna,20.227
Lun 08/07/2024 - Vespertina,01.983
Lun 08/07/2024 - Vespertina,02.961
Lun 08/07/2024 - Vespertina,03.279
Lun 08/07/2024 - Vespertina,04.372
Lun 08/07/2024 - Vespertina,05.463
Lun 08/07/2024 - Vespertina,06.948
Lun 08/07/2024 - Vespertina,07.988
Lun 08/07/2024 - Vespertina,08.453
Lun 08/07/2024 - Vespertina,09.342
Lun 08/07/2024 - Vespertina,10.850
Lun 08/07/2024 - Vespertina,11.423
Lun 08/07/2024 - Vespertina,12.909
Lun 08/07/2024 - Vespertina,13.224
Lun 08/07/2024 - Vespertina,14.036
Lun 08/07/2024 - Vespertina,15.387
Lun 08/07/2024 - Vespertina,16.031
Lun 08/07/2024 - Vespertina,17.342
Lun 08/07/2024 - Vespertina,18.202
Lun 08/07/2024 - Vespertina,19.363
Lun 08/07/2024 - Vespertina,20.638
Sab 06/07/2024 - Nocturna,01.452
Sab 06/07/2024 - Nocturna,02.094
Sab 06/07/2024 - Nocturna,03.560
Sab 06/07/2024 - Nocturna,04.655
Sab 06/07/2024 - Nocturna,05.177
Sab 06/07/2024 - Nocturna,06.428
Sab 06/07/2024 - Nocturna,07.538
Sab 06/07/2024 - Nocturna,08.695
Sab 06/07/2024 - Nocturna,09.046
Sab 06/07/2024 - Nocturna,10.406
Sab 06/07/2024 - Nocturna,11.667
Sab 06/07/2024 - Nocturna,12.160
Sab 06/07/2024 - Nocturna,13.649
Sab 06/07/2024 - Nocturna,14.249
Sab 06/07/2024 - Nocturna,15.436
Sab 06/07/2024 - Nocturna,16.667
Sab 06/07/2024 - Nocturna,17.598
Sab 06/07/2024 - Nocturna,18.239
Sab 06/07/2024 - Nocturna,19.911
Sab 06/07/2024 - Nocturna,20.793
Vie 05/07/2024 - Nocturna,01.074
Vie 05/07/2024 - Nocturna,02.672
Vie 05/07/2024 - Nocturna,03.243
Vie 05/07/2024 - Nocturna,04.457
Vie 05/07/2024 - Nocturna,05.553
Vie 05/07/2024 - Nocturna,06.910
Vie 05/07/2024 - Nocturna,07.333
Vie 05/07/2024 - Nocturna,08.678
Vie 05/07/2024 - Nocturna,09.149
Vie 05/07/2024 - Nocturna,10.049
Vie 05/07/2024 - Nocturna,11.744
Vie 05/07/2024 - Nocturna,12.815
Vie 05/07/2024 - Nocturna,13.684
Vie 05/07/2024 - Nocturna,14.399
Vie 05/07/2024 - Nocturna,15.239
Vie 05/07/2024 - Nocturna,16.085
Vie 05/07/2024 - Nocturna,17.173
Vie 05/07/2024 - Nocturna,18.228
Vie 05/07/2024 - Nocturna,19.232
Vie 05/07/2024 - Nocturna,20.813
Vie 05/07/2024 - Vespertina,01.327
Vie 05/07/2024 - Vespertina,02.207
Vie 05/07/2024 - Vespertina,03.695
Vie 05/07/2024 - Vespertina,04.931
Vie 05/07/2024 - Vespertina,05.223
Vie 05/07/2024 - Vespertina,06.949
Vie 05/07/2024 - Vespertina,07.406
Vie 05/07/2024 - Vespertina,08.090
Vie 05/07/2024 - Vespertina,09.280
Vie 05/07/2024 - Vespertina,10.139
Vie 05/07/2024 - Vespertina,11.772
Vie 05/07/2024 - Vespertina,12.722
Vie 05/07/2024 - Vespertina,13.788
Vie 05/07/2024 - Vespertina,14.180
Vie 05/07/2024 - Vespertina,15.114
Vie 05/07/2024 - Vespertina,16.423
Vie 05/07/2024 - Vespertina,17.103
Vie 05/07/2024 - Vespertina,18.615
Vie 05/07/2024 - Vespertina,19.012
Vie 05/07/2024 - Vespertina,20.774
Jue 04/07/2024 - Nocturna,01.430
Jue 04/07/2024 - Nocturna,02.864
Jue 04/07/2024 - Nocturna,03.634
Jue 04/07/2024 - Nocturna,04.613
Jue 04/07/2024 - Nocturna,05.429
Jue 04/07/2024 - Nocturna,06.348
Jue 04/07/2024 - Nocturna,07.845
Jue 04/07/2024 - Nocturna,08.131
Jue 04/07/2024 - Nocturna,09.641
Jue 04/07/2024 - Nocturna,10.468
Jue 04/07/2024 - Nocturna,11.063
Jue 04/07/2024 - Nocturna,12.143
Jue 04/07/2024 - Nocturna,13.606
Jue 04/07/2024 - Nocturna,14.097
Jue 04/07/2024 - Nocturna,15.578
Jue 04/07/2024 - Nocturna,16.850
Jue 04/07/2024 - Nocturna,17.059
Jue 04/07/2024 - Nocturna,18.214
Jue 04/07/2024 - Nocturna,19.800
Jue 04/07/2024 - Nocturna,20.933
Jue 04/07/2024 - Vespertina,01.447
Jue 04/07/2024 - Vespertina,02.033
Jue 04/07/2024 - Vespertina,03.406
Jue 04/07/2024 - Vespertina,04.212
Jue 04/07/2024 - Vespertina,05.199
Jue 04/07/2024 - Vespertina,06.128
Jue 04/07/2024 - Vespertina,07.478
Jue 04/07/2024 - Vespertina,08.503
Jue 04/07/2024 - Vespertina,09.464
Jue 04/07/2024 - Vespertina,10.351
Jue 04/07/2024 - Vespertina,11.959
Jue 04/07/2024 - Vespertina,12.266
Jue 04/07/2024 - Vespertina,13.661
Jue 04/07/2024 - Vespertina,14.674
Jue 04/07/2024 - Vespertina,15.450
Jue 04/07/2024 - Vespertina,16.004
Jue 04/07/2024 - Vespertina,17.273
Jue 04/07/2024 - Vespertina,18.805
Jue 04/07/2024 - Vespertina,19.132
Jue 04/07/2024 - Vespertina,20.829
Mie 03/07/2024 - Nocturna,01.641
Mie 03/07/2024 - Nocturna,02.219
Mie 03/07/2024 - Nocturna,03.305
Mie 03/07/2024 - Nocturna,04.360
Mie 03/07/2024 - Nocturna,05.169
Mie 03/07/2024 - Nocturna,06.736
Mie 03/07/2024 - Nocturna,07.729
Mie 03/07/2024 - Nocturna,08.639
Mie 03/07/2024 - Nocturna,09.889
Mie 03/07/2024 - Nocturna,10.377
Mie 03/07/2024 - Nocturna,11.198
Mie 03/07/2024 - Nocturna,12.756
Mie 03/07/2024 - Nocturna,13.017
Mie 03/07/2024 - Nocturna,14.135
Mie 03/07/2024 - Nocturna,15.043
Mie 03/07/2024 - Nocturna,16.939
Mie 03/07/2024 - Nocturna,17.351
Mie 03/07/2024 - Nocturna,18.084
Mie 03/07/2024 - Nocturna,19.030
Mie 03/07/2024 - Nocturna,20.038
Mie 03/07/2024 - Vespertina,01.358
Mie 03/07/2024 - Vespertina,02.961
Mie 03/07/2024 - Vespertina,03.801
Mie 03/07/2024 - Vespertina,04.406
Mie 03/07/2024 - Vespertina,05.735
Mie 03/07/2024 - Vespertina,06.455
Mie 03/07/2024 - Vespertina,07.003
Mie 03/07/2024 - Vespertina,08.259
Mie 03/07/2024 - Vespertina,09.394
Mie 03/07/2024 - Vespertina,10.166
Mie 03/07/2024 - Vespertina,11.790
Mie 03/07/2024 - Vespertina,12.301
Mie 03/07/2024 - Vespertina,13.284
Mie 03/07/2024 - Vespertina,14.810
Mie 03/07/2024 - Vespertina,15.810
Mie 03/07/2024 - Vespertina,16.502
Mie 03/07/2024 - Vespertina,17.684
Mie 03/07/2024 - Vespertina,18.564
Mie 03/07/2024 - Vespertina,19.285
Mie 03/07/2024 - Vespertina,20.197
Mar 02/07/2024 - Nocturna,01.200
Mar 02/07/2024 - Nocturna,02.075
Mar 02/07/2024 - Nocturna,03.011
Mar 02/07/2024 - Nocturna,04.029
Mar 02/07/2024 - Nocturna,05.680
Mar 02/07/2024 - Nocturna,06.657
Mar 02/07/2024 - Nocturna,07.218
Mar 02/07/2024 - Nocturna,08.734
Mar 02/07/2024 - Nocturna,09.191
Mar 02/07/2024 - Nocturna,10.511
Mar 02/07/2024 - Nocturna,11.904
Mar 02/07/2024 - Nocturna,12.211
Mar 02/07/2024 - Nocturna,13.063
Mar 02/07/2024 - Nocturna,14.375
Mar 02/07/2024 - Nocturna,15.098
Mar 02/07/2024 - Nocturna,16.675
Mar 02/07/2024 - Nocturna,17.402
Mar 02/07/2024 - Nocturna,18.221
Mar 02/07/2024 - Nocturna,19.595
Mar 02/07/2024 - Nocturna,20.519
Mar 02/07/2024 - Vespertina,01.200
Mar 02/07/2024 - Vespertina,02.075
Mar 02/07/2024 - Vespertina,03.011
Mar 02/07/2024 - Vespertina,04.029
Mar 02/07/2024 - Vespertina,05.680
Mar 02/07/2024 - Vespertina,06.657
Mar 02/07/2024 - Vespertina,07.218
Mar 02/07/2024 - Vespertina,08.734
Mar 02/07/2024 - Vespertina,09.191
Mar 02/07/2024 - Vespertina,10.511
Mar 02/07/2024 - Vespertina,11.904
Mar 02/07/2024 - Vespertina,12.211
Mar 02/07/2024 - Vespertina,13.063
Mar 02/07/2024 - Vespertina,14.375
Mar 02/07/2024 - Vespertina,15.098
Mar 02/07/2024 - Vespertina,16.675
Mar 02/07/2024 - Vespertina,17.402
Mar 02/07/2024 - Vespertina,18.221
Mar 02/07/2024 - Vespertina,19.595
Mar 02/07/2024 - Vespertina,20.519
Lun 01/07/2024 - Vespertina,01.175
Lun 01/07/2024 - Vespertina,02.502
Lun 01/07/2024 - Vespertina,03.045
Lun 01/07/2024 - Vespertina,04.596
Lun 01/07/2024 - Vespertina,05.164
Lun 01/07/2024 - Vespertina,06.853
Lun 01/07/2024 - Vespertina,07.135
Lun 01/07/2024 - Vespertina,08.668
Lun 01/07/2024 - Vespertina,09.676
Lun 01/07/2024 - Vespertina,10.267
Lun 01/07/2024 - Vespertina,11.613
Lun 01/07/2024 - Vespertina,12.070
Lun 01/07/2024 - Vespertina,13.549
Lun 01/07/2024 - Vespertina,14.064
Lun 01/07/2024 - Vespertina,15.131
Lun 01/07/2024 - Vespertina,16.013
Lun 01/07/2024 - Vespertina,17.710
Lun 01/07/2024 - Vespertina,18.932
Lun 01/07/2024 - Vespertina,19.336
Lun 01/07/2024 - Vespertina,20.392
Sab 29/06/2024 - Nocturna,01.905
Sab 29/06/2024 - Nocturna,02.058
Sab 29/06/2024 - Nocturna,03.162
Sab 29/06/2024 - Nocturna,04.848
Sab 29/06/2024 - Nocturna,05.147
Sab 29/06/2024 - Nocturna,06.814
Sab 29/06/2024 - Nocturna,07.426
Sab 29/06/2024 - Nocturna,08.911
Sab 29/06/2024 - Nocturna,09.978
Sab 29/06/2024 - Nocturna,10.897
Sab 29/06/2024 - Nocturna,11.036
Sab 29/06/2024 - Nocturna,12.192
Sab 29/06/2024 - Nocturna,13.899
Sab 29/06/2024 - Nocturna,14.820
Sab 29/06/2024 - Nocturna,15.268
Sab 29/06/2024 - Nocturna,16.014
Sab 29/06/2024 - Nocturna,17.240
Sab 29/06/2024 - Nocturna,18.367
Sab 29/06/2024 - Nocturna,19.583
Sab 29/06/2024 - Nocturna,20.295
Vie 28/06/2024 - Nocturna,01.370
Vie 28/06/2024 - Nocturna,02.749
Vie 28/06/2024 - Nocturna,03.102
Vie 28/06/2024 - Nocturna,04.289
Vie 28/06/2024 - Nocturna,05.766
Vie 28/06/2024 - Nocturna,06.400
Vie 28/06/2024 - Nocturna,07.713
Vie 28/06/2024 - Nocturna,08.839
Vie 28/06/2024 - Nocturna,09.797
Vie 28/06/2024 - Nocturna,10.234
Vie 28/06/2024 - Nocturna,11.156
Vie 28/06/2024 - Nocturna,12.646
Vie 28/06/2024 - Nocturna,13.586
Vie 28/06/2024 - Nocturna,14.384
Vie 28/06/2024 - Nocturna,15.600
Vie 28/06/2024 - Nocturna,16.428
Vie 28/06/2024 - Nocturna,17.168
Vie 28/06/2024 - Nocturna,18.511
Vie 28/06/2024 - Nocturna,19.354
Vie 28/06/2024 - Nocturna,20.534
Vie 28/06/2024 - Vespertina,01.652
Vie 28/06/2024 - Vespertina,02.094
Vie 28/06/2024 - Vespertina,03.882
Vie 28/06/2024 - Vespertina,04.122
Vie 28/06/2024 - Vespertina,05.662
Vie 28/06/2024 - Vespertina,06.836
Vie 28/06/2024 - Vespertina,07.389
Vie 28/06/2024 - Vespertina,08.915
Vie 28/06/2024 - Vespertina,09.740
Vie 28/06/2024 - Vespertina,10.573
Vie 28/06/2024 - Vespertina,11.669
Vie 28/06/2024 - Vespertina,12.193
Vie 28/06/2024 - Vespertina,13.045
Vie 28/06/2024 - Vespertina,14.067
Vie 28/06/2024 - Vespertina,15.567
Vie 28/06/2024 - Vespertina,16.994
Vie 28/06/2024 - Vespertina,17.642
Vie 28/06/2024 - Vespertina,18.333
Vie 28/06/2024 - Vespertina,19.352
Vie 28/06/2024 - Vespertina,20.634
Jue 27/06/2024 - Nocturna,01.661
Jue 27/06/2024 - Nocturna,02.459
Jue 27/06/2024 - Nocturna,03.218
Jue 27/06/2024 - Nocturna,04.603
Jue 27/06/2024 - Nocturna,05.225
Jue 27/06/2024 - Nocturna,06.958
Jue 27/06/2024 - Nocturna,07.268
Jue 27/06/2024 - Nocturna,08.730
Jue 27/06/2024 - Nocturna,09.169
Jue 27/06/2024 - Nocturna,10.722
Jue 27/06/2024 - Nocturna,11.249
Jue 27/06/2024 - Nocturna,12.690
Jue 27/06/2024 - Nocturna,13.100
Jue 27/06/2024 - Nocturna,14.108
Jue 27/06/2024 - Nocturna,15.167
Jue 27/06/2024 - Nocturna,16.123
Jue 27/06/2024 - Nocturna,17.910
Jue 27/06/2024 - Nocturna,18.817
Jue 27/06/2024 - Nocturna,19.011
Jue 27/06/2024 - Nocturna,20.485
Jue 27/06/2024 - Vespertina,01.004
Jue 27/06/2024 - Vespertina,02.157
Jue 27/06/2024 - Vespertina,03.437
Jue 27/06/2024 - Vespertina,04.023
Jue 27/06/2024 - Vespertina,05.654
Jue 27/06/2024 - Vespertina,06.842
Jue 27/06/2024 - Vespertina,07.235
Jue 27/06/2024 - Vespertina,08.977
Jue 27/06/2024 - Vespertina,09.405
Jue 27/06/2024 - Vespertina,10.551
Jue 27/06/2024 - Vespertina,11.067
Jue 27/06/2024 - Vespertina,12.469
Jue 27/06/2024 - Vespertina,13.169
Jue 27/06/2024 - Vespertina,14.457
Jue 27/06/2024 - Vespertina,15.909
Jue 27/06/2024 - Vespertina,16.954
Jue 27/06/2024 - Vespertina,17.456
Jue 27/06/2024 - Vespertina,18.746
Jue 27/06/2024 - Vespertina,19.002
Jue 27/06/2024 - Vespertina,20.973
Mie 26/06/2024 - Vespertina,01.637
Mie 26/06/2024 - Vespertina,02.012
Mie 26/06/2024 - Vespertina,03.974
Mie 26/06/2024 - Vespertina,04.923
Mie 26/06/2024 - Vespertina,05.560
Mie 26/06/2024 - Vespertina,06.491
Mie 26/06/2024 - Vespertina,07.563
Mie 26/06/2024 - Vespertina,08.167
Mie 26/06/2024 - Vespertina,09.744
Mie 26/06/2024 - Vespertina,10.242
Mie 26/06/2024 - Vespertina,11.927
Mie 26/06/2024 - Vespertina,12.308
Mie 26/06/2024 - Vespertina,13.415
Mie 26/06/2024 - Vespertina,14.393
Mie 26/06/2024 - Vespertina,15.997
Mie 26/06/2024 - Vespertina,16.049
Mie 26/06/2024 - Vespertina,17.749
Mie 26/06/2024 - Vespertina,18.381
Mie 26/06/2024 - Vespertina,19.995
Mie 26/06/2024 - Vespertina,20.346
Mar 25/06/2024 - Nocturna,01.679
Mar 25/06/2024 - Nocturna,02.360
Mar 25/06/2024 - Nocturna,03.231
Mar 25/06/2024 - Nocturna,04.129
Mar 25/06/2024 - Nocturna,05.973
Mar 25/06/2024 - Nocturna,06.804
Mar 25/06/2024 - Nocturna,07.955
Mar 25/06/2024 - Nocturna,08.080
Mar 25/06/2024 - Nocturna,09.774
Mar 25/06/2024 - Nocturna,10.647
Mar 25/06/2024 - Nocturna,11.368
Mar 25/06/2024 - Nocturna,12.917
Mar 25/06/2024 - Nocturna,13.965
Mar 25/06/2024 - Nocturna,14.552
Mar 25/06/2024 - Nocturna,15.662
Mar 25/06/2024 - Nocturna,16.090
Mar 25/06/2024 - Nocturna,17.013
Mar 25/06/2024 - Nocturna,18.983
Mar 25/06/2024 - Nocturna,19.286
Mar 25/06/2024 - Nocturna,20.368
Mar 25/06/2024 - Vespertina,01.867
Mar 25/06/2024 - Vespertina,02.018
Mar 25/06/2024 - Vespertina,03.786
Mar 25/06/2024 - Vespertina,04.114
Mar 25/06/2024 - Vespertina,05.351
Mar 25/06/2024 - Vespertina,06.013
Mar 25/06/2024 - Vespertina,07.103
Mar 25/06/2024 - Vespertina,08.701
Mar 25/06/2024 - Vespertina,09.941
Mar 25/06/2024 - Vespertina,10.738
Mar 25/06/2024 - Vespertina,11.209
Mar 25/06/2024 - Vespertina,12.748
Mar 25/06/2024 - Vespertina,13.778
Mar 25/06/2024 - Vespertina,14.997
Mar 25/06/2024 - Vespertina,15.491
Mar 25/06/2024 - Vespertina,16.617
Mar 25/06/2024 - Vespertina,17.097
Mar 25/06/2024 - Vespertina,18.106
Mar 25/06/2024 - Vespertina,19.114
Mar 25/06/2024 - Vespertina,20.341
Lun 24/06/2024 - Nocturna,01.669
Lun 24/06/2024 - Nocturna,02.882
Lun 24/06/2024 - Nocturna,03.737
Lun 24/06/2024 - Nocturna,04.185
Lun 24/06/2024 - Nocturna,05.331
Lun 24/06/2024 - Nocturna,06.102
Lun 24/06/2024 - Nocturna,07.563
Lun 24/06/2024 - Nocturna,08.528
Lun 24/06/2024 - Nocturna,09.667
Lun 24/06/2024 - Nocturna,10.994
Lun 24/06/2024 - Nocturna,11.153
Lun 24/06/2024 - Nocturna,12.305
Lun 24/06/2024 - Nocturna,13.057
Lun 24/06/2024 - Nocturna,14.606
Lun 24/06/2024 - Nocturna,15.997
Lun 24/06/2024 - Nocturna,16.232
Lun 24/06/2024 - Nocturna,17.803
Lun 24/06/2024 - Nocturna,18.111
Lun 24/06/2024 - Nocturna,19.336
Lun 24/06/2024 - Nocturna,20.845
Lun 24/06/2024 - Vespertina,01.027
Lun 24/06/2024 - Vespertina,02.984
Lun 24/06/2024 - Vespertina,03.282
Lun 24/06/2024 - Vespertina,04.840
Lun 24/06/2024 - Vespertina,05.039
Lun 24/06/2024 - Vespertina,06.581
Lun 24/06/2024 - Vespertina,07.220
Lun 24/06/2024 - Vespertina,08.321
Lun 24/06/2024 - Vespertina,09.863
Lun 24/06/2024 - Vespertina,10.071
Lun 24/06/2024 - Vespertina,11.980
Lun 24/06/2024 - Vespertina,12.306
Lun 24/06/2024 - Vespertina,13.573
Lun 24/06/2024 - Vespertina,14.908
Lun 24/06/2024 - Vespertina,15.796
Lun 24/06/2024 - Vespertina,16.076
Lun 24/06/2024 - Vespertina,17.023
Lun 24/06/2024 - Vespertina,18.521
Lun 24/06/2024 - Vespertina,19.727
Lun 24/06/2024 - Vespertina,20.869
Sab 22/06/2024 - Nocturna,01.844
Sab 22/06/2024 - Nocturna,02.195
Sab 22/06/2024 - Nocturna,03.683
Sab 22/06/2024 - Nocturna,04.911
Sab 22/06/2024 - Nocturna,05.077
Sab 22/06/2024 - Nocturna,06.784
Sab 22/06/2024 - Nocturna,07.683
Sab 22/06/2024 - Nocturna,08.299
Sab 22/06/2024 - Nocturna,09.521
Sab 22/06/2024 - Nocturna,10.680
Sab 22/06/2024 - Nocturna,11.444
Sab 22/06/2024 - Nocturna,12.576
Sab 22/06/2024 - Nocturna,13.260
Sab 22/06/2024 - Nocturna,14.198
Sab 22/06/2024 - Nocturna,15.130
Sab 22/06/2024 - Nocturna,16.742
Sab 22/06/2024 - Nocturna,17.213
Sab 22/06/2024 - Nocturna,18.188
Sab 22/06/2024 - Nocturna,19.659
Sab 22/06/2024 - Nocturna,20.152
Vie 21/06/2024 - Nocturna,01.809
Vie 21/06/2024 - Nocturna,02.991
Vie 21/06/2024 - Nocturna,03.619
Vie 21/06/2024 - Nocturna,04.374
Vie 21/06/2024 - Nocturna,05.034
Vie 21/06/2024 - Nocturna,06.535
Vie 21/06/2024 - Nocturna,07.229
Vie 21/06/2024 - Nocturna,08.683
Vie 21/06/2024 - Nocturna,09.998
Vie 21/06/2024 - Nocturna,10.691
Vie 21/06/2024 - Nocturna,11.478
Vie 21/06/2024 - Nocturna,12.158
Vie 21/06/2024 - Nocturna,13.519
Vie 21/06/2024 - Nocturna,14.993
Vie 21/06/2024 - Nocturna,15.196
Vie 21/06/2024 - Nocturna,16.514
Vie 21/06/2024 - Nocturna,17.205
Vie 21/06/2024 - Nocturna,18.847
Vie 21/06/2024 - Nocturna,19.298
Vie 21/06/2024 - Nocturna,20.038
Vie 21/06/2024 - Vespertina,01.265
Vie 21/06/2024 - Vespertina,02.411
Vie 21/06/2024 - Vespertina,03.099
Vie 21/06/2024 - Vespertina,04.398
Vie 21/06/2024 - Vespertina,05.030
Vie 21/06/2024 - Vespertina,06.205
Vie 21/06/2024 - Vespertina,07.371
Vie 21/06/2024 - Vespertina,08.738
Vie 21/06/2024 - Vespertina,09.262
Vie 21/06/2024 - Vespertina,10.072
Vie 21/06/2024 - Vespertina,11.103
Vie 21/06/2024 - Vespertina,12.099
Vie 21/06/2024 - Vespertina,13.558
Vie 21/06/2024 - Vespertina,14.555
Vie 21/06/2024 - Vespertina,15.941
Vie 21/06/2024 - Vespertina,16.250
Vie 21/06/2024 - Vespertina,17.014
Vie 21/06/2024 - Vespertina,18.247
Vie 21/06/2024 - Vespertina,19.827
Vie 21/06/2024 - Vespertina,20.915
Jue 20/06/2024 - Nocturna,01.777
Jue 20/06/2024 - Nocturna,02.310
Jue 20/06/2024 - Nocturna,03.731
Jue 20/06/2024 - Nocturna,04.938
Jue 20/06/2024 - Nocturna,05.734
Jue 20/06/2024 - Nocturna,06.076
Jue 20/06/2024 - Nocturna,07.252
Jue 20/06/2024 - Nocturna,08.242
Jue 20/06/2024 - Nocturna,09.769
Jue 20/06/2024 - Nocturna,10.965
Jue 20/06/2024 - Nocturna,11.594
Jue 20/06/2024 - Nocturna,12.828
Jue 20/06/2024 - Nocturna,13.337
Jue 20/06/2024 - Nocturna,14.022
Jue 20/06/2024 - Nocturna,15.336
Jue 20/06/2024 - Nocturna,16.738
Jue 20/06/2024 - Nocturna,17.729
Jue 20/06/2024 - Nocturna,18.629
Jue 20/06/2024 - Nocturna,19.715
Jue 20/06/2024 - Nocturna,20.930
Jue 20/06/2024 - Vespertina,01.460
Jue 20/06/2024 - Vespertina,02.430
Jue 20/06/2024 - Vespertina,03.261
Jue 20/06/2024 - Vespertina,04.421
Jue 20/06/2024 - Vespertina,05.087
Jue 20/06/2024 - Vespertina,06.188
Jue 20/06/2024 - Vespertina,07.754
Jue 20/06/2024 - Vespertina,08.281
Jue 20/06/2024 - Vespertina,09.209
Jue 20/06/2024 - Vespertina,10.727
Jue 20/06/2024 - Vespertina,11.345
Jue 20/06/2024 - Vespertina,12.556
Jue 20/06/2024 - Vespertina,13.461
Jue 20/06/2024 - Vespertina,14.707
Jue 20/06/2024 - Vespertina,15.447
Jue 20/06/2024 - Vespertina,16.633
Jue 20/06/2024 - Vespertina,17.748
Jue 20/06/2024 - Vespertina,18.037
Jue 20/06/2024 - Vespertina,19.216
Jue 20/06/2024 - Vespertina,20.387
Mar 18/06/2024 - Nocturna,01.921
Mar 18/06/2024 - Nocturna,02.627
Mar 18/06/2024 - Nocturna,03.402
Mar 18/06/2024 - Nocturna,04.078
Mar 18/06/2024 - Nocturna,05.684
Mar 18/06/2024 - Nocturna,06.480
Mar 18/06/2024 - Nocturna,07.225
Mar 18/06/2024 - Nocturna,08.988
Mar 18/06/2024 - Nocturna,09.889
Mar 18/06/2024 - Nocturna,10.856
Mar 18/06/2024 - Nocturna,11.014
Mar 18/06/2024 - Nocturna,12.990
Mar 18/06/2024 - Nocturna,13.069
Mar 18/06/2024 - Nocturna,14.853
Mar 18/06/2024 - Nocturna,15.767
Mar 18/06/2024 - Nocturna,16.361
Mar 18/06/2024 - Nocturna,17.243
Mar 18/06/2024 - Nocturna,18.733
Mar 18/06/2024 - Nocturna,19.217
Mar 18/06/2024 - Nocturna,20.692
Mar 18/06/2024 - Vespertina,01.796
Mar 18/06/2024 - Vespertina,02.704
Mar 18/06/2024 - Vespertina,03.315
Mar 18/06/2024 - Vespertina,04.141
Mar 18/06/2024 - Vespertina,05.188
Mar 18/06/2024 - Vespertina,06.024
Mar 18/06/2024 - Vespertina,07.769
Mar 18/06/2024 - Vespertina,08.506
Mar 18/06/2024 - Vespertina,09.401
Mar 18/06/2024 - Vespertina,10.101
Mar 18/06/2024 - Vespertina,11.120
Mar 18/06/2024 - Vespertina,12.891
Mar 18/06/2024 - Vespertina,13.861
Mar 18/06/2024 - Vespertina,14.244
Mar 18/06/2024 - Vespertina,15.984
Mar 18/06/2024 - Vespertina,16.700
Mar 18/06/2024 - Vespertina,17.726
Mar 18/06/2024 - Vespertina,18.764
Mar 18/06/2024 - Vespertina,19.700
Mar 18/06/2024 - Vespertina,20.354
Lun 17/06/2024 - Nocturna,01.304
Lun 17/06/2024 - Nocturna,02.455
Lun 17/06/2024 - Nocturna,03.592
Lun 17/06/2024 - Nocturna,04.257
Lun 17/06/2024 - Nocturna,05.296
Lun 17/06/2024 - Nocturna,06.796
Lun 17/06/2024 - Nocturna,07.319
Lun 17/06/2024 - Nocturna,08.105
Lun 17/06/2024 - Nocturna,09.106
Lun 17/06/2024 - Nocturna,10.920
Lun 17/06/2024 - Nocturna,11.722
Lun 17/06/2024 - Nocturna,12.061
Lun 17/06/2024 - Nocturna,13.399
Lun 17/06/2024 - Nocturna,14.937
Lun 17/06/2024 - Nocturna,15.052
Lun 17/06/2024 - Nocturna,16.958
Lun 17/06/2024 - Nocturna,17.504
Lun 17/06/2024 - Nocturna,18.131
Lun 17/06/2024 - Nocturna,19.545
Lun 17/06/2024 - Nocturna,20.666
Lun 17/06/2024 - Vespertina,01.326
Lun 17/06/2024 - Vespertina,02.861
Lun 17/06/2024 - Vespertina,03.691
Lun 17/06/2024 - Vespertina,04.283
Lun 17/06/2024 - Vespertina,05.859
Lun 17/06/2024 - Vespertina,06.362
Lun 17/06/2024 - Vespertina,07.200
Lun 17/06/2024 - Vespertina,08.578
Lun 17/06/2024 - Vespertina,09.759
Lun 17/06/2024 - Vespertina,10.293
Lun 17/06/2024 - Vespertina,11.815
Lun 17/06/2024 - Vespertina,12.875
Lun 17/06/2024 - Vespertina,13.023
Lun 17/06/2024 - Vespertina,14.588
Lun 17/06/2024 - Vespertina,15.675
Lun 17/06/2024 - Vespertina,16.379
Lun 17/06/2024 - Vespertina,17.972
Lun 17/06/2024 - Vespertina,18.945
Lun 17/06/2024 - Vespertina,19.569
Lun 17/06/2024 - Vespertina,20.507
Sab 15/06/2024 - Nocturna,01.930
Sab 15/06/2024 - Nocturna,02.093
Sab 15/06/2024 - Nocturna,03.545
Sab 15/06/2024 - Nocturna,04.414
Sab 15/06/2024 - Nocturna,05.625
Sab 15/06/2024 - Nocturna,06.328
Sab 15/06/2024 - Nocturna,07.553
Sab 15/06/2024 - Nocturna,08.527
Sab 15/06/2024 - Nocturna,09.005
Sab 15/06/2024 - Nocturna,10.694
Sab 15/06/2024 - Nocturna,11.846
Sab 15/06/2024 - Nocturna,12.295
Sab 15/06/2024 - Nocturna,13.105
Sab 15/06/2024 - Nocturna,14.521
Sab 15/06/2024 - Nocturna,15.332
Sab 15/06/2024 - Nocturna,16.084
Sab 15/06/2024 - Nocturna,17.965
Sab 15/06/2024 - Nocturna,18.487
Sab 15/06/2024 - Nocturna,19.733
Sab 15/06/2024 - Nocturna,20.636
Vie 14/06/2024 - Nocturna,01.370
Vie 14/06/2024 - Nocturna,02.116
Vie 14/06/2024 - Nocturna,03.604
Vie 14/06/2024 - Nocturna,04.296
Vie 14/06/2024 - Nocturna,05.141
Vie 14/06/2024 - Nocturna,06.906
Vie 14/06/2024 - Nocturna,07.163
Vie 14/06/2024 - Nocturna,08.443
Vie 14/06/2024 - Nocturna,09.031
Vie 14/06/2024 - Nocturna,10.854
Vie 14/06/2024 - Nocturna,11.138
Vie 14/06/2024 - Nocturna,12.746
Vie 14/06/2024 - Nocturna,13.946
Vie 14/06/2024 - Nocturna,14.680
Vie 14/06/2024 - Nocturna,15.454
Vie 14/06/2024 - Nocturna,16.182
Vie 14/06/2024 - Nocturna,17.096
Vie 14/06/2024 - Nocturna,18.378
Vie 14/06/2024 - Nocturna,19.052
Vie 14/06/2024 - Nocturna,20.647
Vie 14/06/2024 - Vespertina,01.238
Vie 14/06/2024 - Vespertina,02.778
Vie 14/06/2024 - Vespertina,03.240
Vie 14/06/2024 - Vespertina,04.535
Vie 14/06/2024 - Vespertina,05.540
Vie 14/06/2024 - Vespertina,06.241
Vie 14/06/2024 - Vespertina,07.738
Vie 14/06/2024 - Vespertina,08.362
Vie 14/06/2024 - Vespertina,09.523
Vie 14/06/2024 - Vespertina,10.957
Vie 14/06/2024 - Vespertina,11.627
Vie 14/06/2024 - Vespertina,12.406
Vie 14/06/2024 - Vespertina,13.578
Vie 14/06/2024 - Vespertina,14.422
Vie 14/06/2024 - Vespertina,15.644
Vie 14/06/2024 - Vespertina,16.156
Vie 14/06/2024 - Vespertina,17.812
Vie 14/06/2024 - Vespertina,18.369
Vie 14/06/2024 - Vespertina,19.909
Vie 14/06/2024 - Vespertina,20.209
Jue 13/06/2024 - Nocturna,01.529
Jue 13/06/2024 - Nocturna,02.900
Jue 13/06/2024 - Nocturna,03.206
Jue 13/06/2024 - Nocturna,04.740
Jue 13/06/2024 - Nocturna,05.947
Jue 13/06/2024 - Nocturna,06.766
Jue 13/06/2024 - Nocturna,07.361
Jue 13/06/2024 - Nocturna,08.220
Jue 13/06/2024 - Nocturna,09.112
Jue 13/06/2024 - Nocturna,10.006
Jue 13/06/2024 - Nocturna,11.147
Jue 13/06/2024 - Nocturna,12.894
Jue 13/06/2024 - Nocturna,13.768
Jue 13/06/2024 - Nocturna,14.205
Jue 13/06/2024 - Nocturna,15.136
Jue 13/06/2024 - Nocturna,16.705
Jue 13/06/2024 - Nocturna,17.556
Jue 13/06/2024 - Nocturna,18.655
Jue 13/06/2024 - Nocturna,19.863
Jue 13/06/2024 - Nocturna,20.294
Jue 13/06/2024 - Vespertina,01.266
Jue 13/06/2024 - Vespertina,02.326
Jue 13/06/2024 - Vespertina,03.180
Jue 13/06/2024 - Vespertina,04.965
Jue 13/06/2024 - Vespertina,05.704
Jue 13/06/2024 - Vespertina,06.651
Jue 13/06/2024 - Vespertina,07.780
Jue 13/06/2024 - Vespertina,08.012
Jue 13/06/2024 - Vespertina,09.558
Jue 13/06/2024 - Vespertina,10.692
Jue 13/06/2024 - Vespertina,11.403
Jue 13/06/2024 - Vespertina,12.990
Jue 13/06/2024 - Vespertina,13.568
Jue 13/06/2024 - Vespertina,14.993
Jue 13/06/2024 - Vespertina,15.412
Jue 13/06/2024 - Vespertina,16.546
Jue 13/06/2024 - Vespertina,17.016
Jue 13/06/2024 - Vespertina,18.026
Jue 13/06/2024 - Vespertina,19.382
Jue 13/06/2024 - Vespertina,20.962
Mie 12/06/2024 - Nocturna,01.001
Mie 12/06/2024 - Nocturna,02.046
Mie 12/06/2024 - Nocturna,03.550
Mie 12/06/2024 - Nocturna,04.886
Mie 12/06/2024 - Nocturna,05.315
Mie 12/06/2024 - Nocturna,06.760
Mie 12/06/2024 - Nocturna,07.175
Mie 12/06/2024 - Nocturna,08.781
Mie 12/06/2024 - Nocturna,09.256
Mie 12/06/2024 - Nocturna,10.541
Mie 12/06/2024 - Nocturna,11.632
Mie 12/06/2024 - Nocturna,12.563
Mie 12/06/2024 - Nocturna,13.856
Mie 12/06/2024 - Nocturna,14.264
Mie 12/06/2024 - Nocturna,15.485
Mie 12/06/2024 - Nocturna,16.507
Mie 12/06/2024 - Nocturna,17.450
Mie 12/06/2024 - Nocturna,18.053
Mie 12/06/2024 - Nocturna,19.630
Mie 12/06/2024 - Nocturna,20.502
Mie 12/06/2024 - Vespertina,01.311
Mie 12/06/2024 - Vespertina,02.409
Mie 12/06/2024 - Vespertina,03.274
Mie 12/06/2024 - Vespertina,04.886
Mie 12/06/2024 - Vespertina,05.126
Mie 12/06/2024 - Vespertina,06.885
Mie 12/06/2024 - Vespertina,07.919
Mie 12/06/2024 - Vespertina,08.557
Mie 12/06/2024 - Vespertina,09.309
Mie 12/06/2024 - Vespertina,10.944
Mie 12/06/2024 - Vespertina,11.062
Mie 12/06/2024 - Vespertina,12.530
Mie 12/06/2024 - Vespertina,13.678
Mie 12/06/2024 - Vespertina,14.858
Mie 12/06/2024 - Vespertina,15.315
Mie 12/06/2024 - Vespertina,16.709
Mie 12/06/2024 - Vespertina,17.026
Mie 12/06/2024 - Vespertina,18.704
Mie 12/06/2024 - Vespertina,19.175
Mie 12/06/2024 - Vespertina,20.241
Mar 11/06/2024 - Nocturna,01.467
Mar 11/06/2024 - Nocturna,02.401
Mar 11/06/2024 - Nocturna,03.154
Mar 11/06/2024 - Nocturna,04.601
Mar 11/06/2024 - Nocturna,05.877
Mar 11/06/2024 - Nocturna,06.595
Mar 11/06/2024 - Nocturna,07.539
Mar 11/06/2024 - Nocturna,08.404
Mar 11/06/2024 - Nocturna,09.692
Mar 11/06/2024 - Nocturna,10.048
Mar 11/06/2024 - Nocturna,11.593
Mar 11/06/2024 - Nocturna,12.108
Mar 11/06/2024 - Nocturna,13.993
Mar 11/06/2024 - Nocturna,14.500
Mar 11/06/2024 - Nocturna,15.302
Mar 11/06/2024 - Nocturna,16.265
Mar 11/06/2024 - Nocturna,17.055
Mar 11/06/2024 - Nocturna,18.572
Mar 11/06/2024 - Nocturna,19.204
Mar 11/06/2024 - Nocturna,20.092
Mar 11/06/2024 - Vespertina,01.102
Mar 11/06/2024 - Vespertina,02.598
Mar 11/06/2024 - Vespertina,03.250
Mar 11/06/2024 - Vespertina,04.227
Mar 11/06/2024 - Vespertina,05.211
Mar 11/06/2024 - Vespertina,06.863
Mar 11/06/2024 - Vespertina,07.670
Mar 11/06/2024 - Vespertina,08.089
Mar 11/06/2024 - Vespertina,09.017
Mar 11/06/2024 - Vespertina,10.466
Mar 11/06/2024 - Vespertina,11.163
Mar 11/06/2024 - Vespertina,12.609
Mar 11/06/2024 - Vespertina,13.273
Mar 11/06/2024 - Vespertina,14.111
Mar 11/06/2024 - Vespertina,15.953
Mar 11/06/2024 - Vespertina,16.617
Mar 11/06/2024 - Vespertina,17.819
Mar 11/06/2024 - Vespertina,18.365
Mar 11/06/2024 - Vespertina,19.097
Mar 11/06/2024 - Vespertina,20.655
Lun 10/06/2024 - Nocturna,01.908
Lun 10/06/2024 - Nocturna,02.028
Lun 10/06/2024 - Nocturna,03.713
Lun 10/06/2024 - Nocturna,04.382
Lun 10/06/2024 - Nocturna,05.396
Lun 10/06/2024 - Nocturna,06.041
Lun 10/06/2024 - Nocturna,07.194
Lun 10/06/2024 - Nocturna,08.925
Lun 10/06/2024 - Nocturna,09.873
Lun 10/06/2024 - Nocturna,10.591
Lun 10/06/2024 - Nocturna,11.759
Lun 10/06/2024 - Nocturna,12.739
Lun 10/06/2024 - Nocturna,13.236
Lun 10/06/2024 - Nocturna,14.873
Lun 10/06/2024 - Nocturna,15.322
Lun 10/06/2024 - Nocturna,16.826
Lun 10/06/2024 - Nocturna,17.825
Lun 10/06/2024 - Nocturna,18.396
Lun 10/06/2024 - Nocturna,19.740
Lun 10/06/2024 - Nocturna,20.165
Lun 10/06/2024 - Vespertina,01.288
Lun 10/06/2024 - Vespertina,02.020
Lun 10/06/2024 - Vespertina,03.553
Lun 10/06/2024 - Vespertina,04.120
Lun 10/06/2024 - Vespertina,05.372
Lun 10/06/2024 - Vespertina,06.719
Lun 10/06/2024 - Vespertina,07.413
Lun 10/06/2024 - Vespertina,08.086
Lun 10/06/2024 - Vespertina,09.295
Lun 10/06/2024 - Vespertina,10.127
Lun 10/06/2024 - Vespertina,11.538
Lun 10/06/2024 - Vespertina,12.341
Lun 10/06/2024 - Vespertina,13.307
Lun 10/06/2024 - Vespertina,14.152
Lun 10/06/2024 - Vespertina,15.388
Lun 10/06/2024 - Vespertina,16.950
Lun 10/06/2024 - Vespertina,17.147
Lun 10/06/2024 - Vespertina,18.592
Lun 10/06/2024 - Vespertina,19.654
Lun 10/06/2024 - Vespertina,20.873
Sab 08/06/2024 - Nocturna,01.662
Sab 08/06/2024 - Nocturna,02.904
Sab 08/06/2024 - Nocturna,03.782
Sab 08/06/2024 - Nocturna,04.519
Sab 08/06/2024 - Nocturna,05.707
Sab 08/06/2024 - Nocturna,06.245
Sab 08/06/2024 - Nocturna,07.341
Sab 08/06/2024 - Nocturna,08.283
Sab 08/06/2024 - Nocturna,09.700
Sab 08/06/2024 - Nocturna,10.071
Sab 08/06/2024 - Nocturna,11.811
Sab 08/06/2024 - Nocturna,12.005
Sab 08/06/2024 - Nocturna,13.979
Sab 08/06/2024 - Nocturna,14.076
Sab 08/06/2024 - Nocturna,15.075
Sab 08/06/2024 - Nocturna,16.274
Sab 08/06/2024 - Nocturna,17.558
Sab 08/06/2024 - Nocturna,18.128
Sab 08/06/2024 - Nocturna,19.025
Sab 08/06/2024 - Nocturna,20.319
Vie 07/06/2024 - Nocturna,01.070
Vie 07/06/2024 - Nocturna,02.822
Vie 07/06/2024 - Nocturna,03.867
Vie 07/06/2024 - Nocturna,04.584
Vie 07/06/2024 - Nocturna,05.221
Vie 07/06/2024 - Nocturna,06.035
Vie 07/06/2024 - Nocturna,07.140
Vie 07/06/2024 - Nocturna,08.499
Vie 07/06/2024 - Nocturna,09.974
Vie 07/06/2024 - Nocturna,10.928
Vie 07/06/2024 - Nocturna,11.290
Vie 07/06/2024 - Nocturna,12.696
Vie 07/06/2024 - Nocturna,13.709
Vie 07/06/2024 - Nocturna,14.261
Vie 07/06/2024 - Nocturna,15.110
Vie 07/06/2024 - Nocturna,16.228
Vie 07/06/2024 - Nocturna,17.335
Vie 07/06/2024 - Nocturna,18.109
Vie 07/06/2024 - Nocturna,19.890
Vie 07/06/2024 - Nocturna,20.373
Vie 07/06/2024 - Vespertina,01.376
Vie 07/06/2024 - Vespertina,02.222
Vie 07/06/2024 - Vespertina,03.788
Vie 07/06/2024 - Vespertina,04.925
Vie 07/06/2024 - Vespertina,05.553
Vie 07/06/2024 - Vespertina,06.462
Vie 07/06/2024 - Vespertina,07.292
Vie 07/06/2024 - Vespertina,08.235
Vie 07/06/2024 - Vespertina,09.828
Vie 07/06/2024 - Vespertina,10.679
Vie 07/06/2024 - Vespertina,11.780
Vie 07/06/2024 - Vespertina,12.064
Vie 07/06/2024 - Vespertina,13.062
Vie 07/06/2024 - Vespertina,14.996
Vie 07/06/2024 - Vespertina,15.163
Vie 07/06/2024 - Vespertina,16.110
Vie 07/06/2024 - Vespertina,17.151
Vie 07/06/2024 - Vespertina,18.493
Vie 07/06/2024 - Vespertina,19.255
Vie 07/06/2024 - Vespertina,20.745
Jue 06/06/2024 - Nocturna,01.331
Jue 06/06/2024 - Nocturna,02.204
Jue 06/06/2024 - Nocturna,03.247
Jue 06/06/2024 - Nocturna,04.586
Jue 06/06/2024 - Nocturna,05.389
Jue 06/06/2024 - Nocturna,06.651
Jue 06/06/2024 - Nocturna,07.689
Jue 06/06/2024 - Nocturna,08.791
Jue 06/06/2024 - Nocturna,09.412
Jue 06/06/2024 - Nocturna,10.345
Jue 06/06/2024 - Nocturna,11.046
Jue 06/06/2024 - Nocturna,12.445
Jue 06/06/2024 - Nocturna,13.642
Jue 06/06/2024 - Nocturna,14.649
Jue 06/06/2024 - Nocturna,15.027
Jue 06/06/2024 - Nocturna,16.397
Jue 06/06/2024 - Nocturna,17.163
Jue 06/06/2024 - Nocturna,18.474
Jue 06/06/2024 - Nocturna,19.209
Jue 06/06/2024 - Nocturna,20.827
Jue 06/06/2024 - Vespertina,01.043
Jue 06/06/2024 - Vespertina,02.831
Jue 06/06/2024 - Vespertina,03.481
Jue 06/06/2024 - Vespertina,04.815
Jue 06/06/2024 - Vespertina,05.119
Jue 06/06/2024 - Vespertina,06.010
Jue 06/06/2024 - Vespertina,07.411
Jue 06/06/2024 - Vespertina,08.340
Jue 06/06/2024 - Vespertina,09.032
Jue 06/06/2024 - Vespertina,10.354
Jue 06/06/2024 - Vespertina,11.870
Jue 06/06/2024 - Vespertina,12.507
Jue 06/06/2024 - Vespertina,13.766
Jue 06/06/2024 - Vespertina,14.966
Jue 06/06/2024 - Vespertina,15.794
Jue 06/06/2024 - Vespertina,16.160
Jue 06/06/2024 - Vespertina,17.114
Jue 06/06/2024 - Vespertina,18.235
Jue 06/06/2024 - Vespertina,19.924
Jue 06/06/2024 - Vespertina,20.908
Mie 05/06/2024 - Nocturna,01.226
Mie 05/06/2024 - Nocturna,02.807
Mie 05/06/2024 - Nocturna,03.567
Mie 05/06/2024 - Nocturna,04.215
Mie 05/06/2024 - Nocturna,05.046
Mie 05/06/2024 - Nocturna,06.705
Mie 05/06/2024 - Nocturna,07.641
Mie 05/06/2024 - Nocturna,08.198
Mie 05/06/2024 - Nocturna,09.012
Mie 05/06/2024 - Nocturna,10.336
Mie 05/06/2024 - Nocturna,11.995
Mie 05/06/2024 - Nocturna,12.619
Mie 05/06/2024 - Nocturna,13.219
Mie 05/06/2024 - Nocturna,14.083
Mie 05/06/2024 - Nocturna,15.757
Mie 05/06/2024 - Nocturna,16.388
Mie 05/06/2024 - Nocturna,17.025
Mie 05/06/2024 - Nocturna,18.323
Mie 05/06/2024 - Nocturna,19.853
Mie 05/06/2024 - Nocturna,20.866
Mie 05/06/2024 - Vespertina,01.692
Mie 05/06/2024 - Vespertina,02.775
Mie 05/06/2024 - Vespertina,03.204
Mie 05/06/2024 - Vespertina,04.507
Mie 05/06/2024 - Vespertina,05.334
Mie 05/06/2024 - Vespertina,06.308
Mie 05/06/2024 - Vespertina,07.545
Mie 05/06/2024 - Vespertina,08.080
Mie 05/06/2024 - Vespertina,09.699
Mie 05/06/2024 - Vespertina,10.871
Mie 05/06/2024 - Vespertina,11.207
Mie 05/06/2024 - Vespertina,12.169
Mie 05/06/2024 - Vespertina,13.347
Mie 05/06/2024 - Vespertina,14.101
Mie 05/06/2024 - Vespertina,15.625
Mie 05/06/2024 - Vespertina,16.648
Mie 05/06/2024 - Vespertina,17.961
Mie 05/06/2024 - Vespertina,18.652
Mie 05/06/2024 - Vespertina,19.009
Mie 05/06/2024 - Vespertina,20.020
Mar 04/06/2024 - Nocturna,01.040
Mar 04/06/2024 - Nocturna,02.698
Mar 04/06/2024 - Nocturna,03.434
Mar 04/06/2024 - Nocturna,04.184
Mar 04/06/2024 - Nocturna,05.084
Mar 04/06/2024 - Nocturna,06.212
Mar 04/06/2024 - Nocturna,07.706
Mar 04/06/2024 - Nocturna,08.858
Mar 04/06/2024 - Nocturna,09.067
Mar 04/06/2024 - Nocturna,10.045
Mar 04/06/2024 - Nocturna,11.173
Mar 04/06/2024 - Nocturna,12.819
Mar 04/06/2024 - Nocturna,13.562
Mar 04/06/2024 - Nocturna,14.233
Mar 04/06/2024 - Nocturna,15.398
Mar 04/06/2024 - Nocturna,16.287
Mar 04/06/2024 - Nocturna,17.945
Mar 04/06/2024 - Nocturna,18.028
Mar 04/06/2024 - Nocturna,19.226
Mar 04/06/2024 - Nocturna,20.477
Mar 04/06/2024 - Vespertina,01.456
Mar 04/06/2024 - Vespertina,02.454
Mar 04/06/2024 - Vespertina,03.705
Mar 04/06/2024 - Vespertina,04.862
Mar 04/06/2024 - Vespertina,05.394
Mar 04/06/2024 - Vespertina,06.166
Mar 04/06/2024 - Vespertina,07.959
Mar 04/06/2024 - Vespertina,08.502
Mar 04/06/2024 - Vespertina,09.285
Mar 04/06/2024 - Vespertina,10.392
Mar 04/06/2024 - Vespertina,11.384
Mar 04/06/2024 - Vespertina,12.905
Mar 04/06/2024 - Vespertina,13.203
Mar 04/06/2024 - Vespertina,14.314
Mar 04/06/2024 - Vespertina,15.901
Mar 04/06/2024 - Vespertina,16.646
Mar 04/06/2024 - Vespertina,17.004
Mar 04/06/2024 - Vespertina,18.069
Mar 04/06/2024 - Vespertina,19.796
Mar 04/06/2024 - Vespertina,20.131
Lun 03/06/2024 - Nocturna,01.958
Lun 03/06/2024 - Nocturna,02.066
Lun 03/06/2024 - Nocturna,03.889
Lun 03/06/2024 - Nocturna,04.479
Lun 03/06/2024 - Nocturna,05.091
Lun 03/06/2024 - Nocturna,06.506
Lun 03/06/2024 - Nocturna,07.186
Lun 03/06/2024 - Nocturna,08.249
Lun 03/06/2024 - Nocturna,09.693
Lun 03/06/2024 - Nocturna,10.696
Lun 03/06/2024 - Nocturna,11.421
Lun 03/06/2024 - Nocturna,12.179
Lun 03/06/2024 - Nocturna,13.722
Lun 03/06/2024 - Nocturna,14.321
Lun 03/06/2024 - Nocturna,15.599
Lun 03/06/2024 - Nocturna,16.812
Lun 03/06/2024 - Nocturna,17.022
Lun 03/06/2024 - Nocturna,18.060
Lun 03/06/2024 - Nocturna,19.598
Lun 03/06/2024 - Nocturna,20.307
Lun 03/06/2024 - Vespertina,01.800
Lun 03/06/2024 - Vespertina,02.434
Lun 03/06/2024 - Vespertina,03.942
Lun 03/06/2024 - Vespertina,04.847
Lun 03/06/2024 - Vespertina,05.523
Lun 03/06/2024 - Vespertina,06.004
Lun 03/06/2024 - Vespertina,07.257
Lun 03/06/2024 - Vespertina,08.655
Lun 03/06/2024 - Vespertina,09.453
Lun 03/06/2024 - Vespertina,10.265
Lun 03/06/2024 - Vespertina,11.951
Lun 03/06/2024 - Vespertina,12.520
Lun 03/06/2024 - Vespertina,13.962
Lun 03/06/2024 - Vespertina,14.352
Lun 03/06/2024 - Vespertina,15.343
Lun 03/06/2024 - Vespertina,16.478
Lun 03/06/2024 - Vespertina,17.695
Lun 03/06/2024 - Vespertina,18.549
Lun 03/06/2024 - Vespertina,19.644
Lun 03/06/2024 - Vespertina,20.255
Sab 01/06/2024 - Nocturna,01.616
Sab 01/06/2024 - Nocturna,02.115
Sab 01/06/2024 - Nocturna,03.108
Sab 01/06/2024 - Nocturna,04.274
Sab 01/06/2024 - Nocturna,05.196
Sab 01/06/2024 - Nocturna,06.250
Sab 01/06/2024 - Nocturna,07.229
Sab 01/06/2024 - Nocturna,08.568
Sab 01/06/2024 - Nocturna,09.208
Sab 01/06/2024 - Nocturna,10.158
Sab 01/06/2024 - Nocturna,11.572
Sab 01/06/2024 - Nocturna,12.651
Sab 01/06/2024 - Nocturna,13.697
Sab 01/06/2024 - Nocturna,14.620
Sab 01/06/2024 - Nocturna,15.527
Sab 01/06/2024 - Nocturna,16.950
Sab 01/06/2024 - Nocturna,17.719
Sab 01/06/2024 - Nocturna,18.253
Sab 01/06/2024 - Nocturna,19.471
Sab 01/06/2024 - Nocturna,20.466
Vie 31/05/2024 - Nocturna,01.337
Vie 31/05/2024 - Nocturna,02.838
Vie 31/05/2024 - Nocturna,03.093
Vie 31/05/2024 - Nocturna,04.383
Vie 31/05/2024 - Nocturna,05.197
Vie 31/05/2024 - Nocturna,06.210
Vie 31/05/2024 - Nocturna,07.100
Vie 31/05/2024 - Nocturna,08.368
Vie 31/05/2024 - Nocturna,09.934
Vie 31/05/2024 - Nocturna,10.096
Vie 31/05/2024 - Nocturna,11.353
Vie 31/05/2024 - Nocturna,12.564
Vie 31/05/2024 - Nocturna,13.893
Vie 31/05/2024 - Nocturna,14.896
Vie 31/05/2024 - Nocturna,15.931
Vie 31/05/2024 - Nocturna,16.815
Vie 31/05/2024 - Nocturna,17.250
Vie 31/05/2024 - Nocturna,18.789
Vie 31/05/2024 - Nocturna,19.545
Vie 31/05/2024 - Nocturna,20.158
Vie 31/05/2024 - Vespertina,01.595
Vie 31/05/2024 - Vespertina,02.242
Vie 31/05/2024 - Vespertina,03.809
Vie 31/05/2024 - Vespertina,04.354
Vie 31/05/2024 - Vespertina,05.146
Vie 31/05/2024 - Vespertina,06.614
Vie 31/05/2024 - Vespertina,07.975
Vie 31/05/2024 - Vespertina,08.424
Vie 31/05/2024 - Vespertina,09.835
Vie 31/05/2024 - Vespertina,10.179
Vie 31/05/2024 - Vespertina,11.705
Vie 31/05/2024 - Vespertina,12.844
Vie 31/05/2024 - Vespertina,13.334
Vie 31/05/2024 - Vespertina,14.480
Vie 31/05/2024 - Vespertina,15.092
Vie 31/05/2024 - Vespertina,16.253
Vie 31/05/2024 - Vespertina,17.191
Vie 31/05/2024 - Vespertina,18.886
Vie 31/05/2024 - Vespertina,19.014
Vie 31/05/2024 - Vespertina,20.380
Jue 30/05/2024 - Nocturna,01.138
Jue 30/05/2024 - Nocturna,02.782
Jue 30/05/2024 - Nocturna,03.220
Jue 30/05/2024 - Nocturna,04.686
Jue 30/05/2024 - Nocturna,05.772
Jue 30/05/2024 - Nocturna,06.196
Jue 30/05/2024 - Nocturna,07.579
Jue 30/05/2024 - Nocturna,08.192
Jue 30/05/2024 - Nocturna,09.305
Jue 30/05/2024 - Nocturna,10.596
Jue 30/05/2024 - Nocturna,11.644
Jue 30/05/2024 - Nocturna,12.036
Jue 30/05/2024 - Nocturna,13.119
Jue 30/05/2024 - Nocturna,14.161
Jue 30/05/2024 - Nocturna,15.637
Jue 30/05/2024 - Nocturna,16.061
Jue 30/05/2024 - Nocturna,17.783
Jue 30/05/2024 - Nocturna,18.921
Jue 30/05/2024 - Nocturna,19.688
Jue 30/05/2024 - Nocturna,20.687
Jue 30/05/2024 - Vespertina,01.138
Jue 30/05/2024 - Vespertina,02.782
Jue 30/05/2024 - Vespertina,03.220
Jue 30/05/2024 - Vespertina,04.686
Jue 30/05/2024 - Vespertina,05.772
Jue 30/05/2024 - Vespertina,06.196
Jue 30/05/2024 - Vespertina,07.579
Jue 30/05/2024 - Vespertina,08.192
Jue 30/05/2024 - Vespertina,09.305
Jue 30/05/2024 - Vespertina,10.596
Jue 30/05/2024 - Vespertina,11.644
Jue 30/05/2024 - Vespertina,12.036
Jue 30/05/2024 - Vespertina,13.119
Jue 30/05/2024 - Vespertina,14.161
Jue 30/05/2024 - Vespertina,15.637
Jue 30/05/2024 - Vespertina,16.061
Jue 30/05/2024 - Vespertina,17.783
Jue 30/05/2024 - Vespertina,18.921
Jue 30/05/2024 - Vespertina,19.688
Jue 30/05/2024 - Vespertina,20.687
Mie 29/05/2024 - Nocturna,01.667
Mie 29/05/2024 - Nocturna,02.112
Mie 29/05/2024 - Nocturna,03.341
Mie 29/05/2024 - Nocturna,04.366
Mie 29/05/2024 - Nocturna,05.767
Mie 29/05/2024 - Nocturna,06.555
Mie 29/05/2024 - Nocturna,07.439
Mie 29/05/2024 - Nocturna,08.527
Mie 29/05/2024 - Nocturna,09.325
Mie 29/05/2024 - Nocturna,10.971
Mie 29/05/2024 - Nocturna,11.314
Mie 29/05/2024 - Nocturna,12.091
Mie 29/05/2024 - Nocturna,13.878
Mie 29/05/2024 - Nocturna,14.653
Mie 29/05/2024 - Nocturna,15.434
Mie 29/05/2024 - Nocturna,16.183
Mie 29/05/2024 - Nocturna,17.949
Mie 29/05/2024 - Nocturna,18.155
Mie 29/05/2024 - Nocturna,19.528
Mie 29/05/2024 - Nocturna,20.994
Mie 29/05/2024 - Vespertina,01.054
Mie 29/05/2024 - Vespertina,02.784
Mie 29/05/2024 - Vespertina,03.893
Mie 29/05/2024 - Vespertina,04.410
Mie 29/05/2024 - Vespertina,05.466
Mie 29/05/2024 - Vespertina,06.601
Mie 29/05/2024 - Vespertina,07.570
Mie 29/05/2024 - Vespertina,08.554
Mie 29/05/2024 - Vespertina,09.079
Mie 29/05/2024 - Vespertina,10.840
Mie 29/05/2024 - Vespertina,11.260
Mie 29/05/2024 - Vespertina,12.821
Mie 29/05/2024 - Vespertina,13.885
Mie 29/05/2024 - Vespertina,14.874
Mie 29/05/2024 - Vespertina,15.767
Mie 29/05/2024 - Vespertina,16.470
Mie 29/05/2024 - Vespertina,17.427
Mie 29/05/2024 - Vespertina,18.208
Mie 29/05/2024 - Vespertina,19.253
Mie 29/05/2024 - Vespertina,20.566
Mar 28/05/2024 - Nocturna,01.407
Mar 28/05/2024 - Nocturna,02.106
Mar 28/05/2024 - Nocturna,03.880
Mar 28/05/2024 - Nocturna,04.746
Mar 28/05/2024 - Nocturna,05.501
Mar 28/05/2024 - Nocturna,06.290
Mar 28/05/2024 - Nocturna,07.663
Mar 28/05/2024 - Nocturna,08.356
Mar 28/05/2024 - Nocturna,09.650
Mar 28/05/2024 - Nocturna,10.609
Mar 28/05/2024 - Nocturna,11.555
Mar 28/05/2024 - Nocturna,12.023
Mar 28/05/2024 - Nocturna,13.162
Mar 28/05/2024 - Nocturna,14.646
Mar 28/05/2024 - Nocturna,15.591
Mar 28/05/2024 - Nocturna,16.125
Mar 28/05/2024 - Nocturna,17.304
Mar 28/05/2024 - Nocturna,18.012
Mar 28/05/2024 - Nocturna,19.369
Mar 28/05/2024 - Nocturna,20.082
Mar 28/05/2024 - Vespertina,01.997
Mar 28/05/2024 - Vespertina,02.529
Mar 28/05/2024 - Vespertina,03.106
Mar 28/05/2024 - Vespertina,04.354
Mar 28/05/2024 - Vespertina,05.245
Mar 28/05/2024 - Vespertina,06.868
Mar 28/05/2024 - Vespertina,07.068
Mar 28/05/2024 - Vespertina,08.075
Mar 28/05/2024 - Vespertina,09.316
Mar 28/05/2024 - Vespertina,10.399
Mar 28/05/2024 - Vespertina,11.787
Mar 28/05/2024 - Vespertina,12.807
Mar 28/05/2024 - Vespertina,13.855
Mar 28/05/2024 - Vespertina,14.877
Mar 28/05/2024 - Vespertina,15.046
Mar 28/05/2024 - Vespertina,16.133
Mar 28/05/2024 - Vespertina,17.589
Mar 28/05/2024 - Vespertina,18.770
Mar 28/05/2024 - Vespertina,19.723
Mar 28/05/2024 - Vespertina,20.209
Lun 27/05/2024 - Nocturna,01.845
Lun 27/05/2024 - Nocturna,02.482
Lun 27/05/2024 - Nocturna,03.657
Lun 27/05/2024 - Nocturna,04.868
Lun 27/05/2024 - Nocturna,05.276
Lun 27/05/2024 - Nocturna,06.865
Lun 27/05/2024 - Nocturna,07.214
Lun 27/05/2024 - Nocturna,08.739
Lun 27/05/2024 - Nocturna,09.270
Lun 27/05/2024 - Nocturna,10.395
Lun 27/05/2024 - Nocturna,11.597
Lun 27/05/2024 - Nocturna,12.913
Lun 27/05/2024 - Nocturna,13.111
Lun 27/05/2024 - Nocturna,14.065
Lun 27/05/2024 - Nocturna,15.021
Lun 27/05/2024 - Nocturna,16.209
Lun 27/05/2024 - Nocturna,17.707
Lun 27/05/2024 - Nocturna,18.628
Lun 27/05/2024 - Nocturna,19.162
Lun 27/05/2024 - Nocturna,20.327
Lun 27/05/2024 - Vespertina,01.601
Lun 27/05/2024 - Vespertina,02.043
Lun 27/05/2024 - Vespertina,03.047
Lun 27/05/2024 - Vespertina,04.115
Lun 27/05/2024 - Vespertina,05.000
Lun 27/05/2024 - Vespertina,06.138
Lun 27/05/2024 - Vespertina,07.005
Lun 27/05/2024 - Vespertina,08.207
Lun 27/05/2024 - Vespertina,09.557
Lun 27/05/2024 - Vespertina,10.885
Lun 27/05/2024 - Vespertina,11.571
Lun 27/05/2024 - Vespertina,12.367
Lun 27/05/2024 - Vespertina,13.363
Lun 27/05/2024 - Vespertina,14.098
Lun 27/05/2024 - Vespertina,15.443
Lun 27/05/2024 - Vespertina,16.812
Lun 27/05/2024 - Vespertina,17.813
Lun 27/05/2024 - Vespertina,18.201
Lun 27/05/2024 - Vespertina,19.280
Lun 27/05/2024 - Vespertina,20.592
Sab 25/05/2024 - Nocturna,01.905
Sab 25/05/2024 - Nocturna,02.065
Sab 25/05/2024 - Nocturna,03.743
Sab 25/05/2024 - Nocturna,04.713
Sab 25/05/2024 - Nocturna,05.522
Sab 25/05/2024 - Nocturna,06.534
Sab 25/05/2024 - Nocturna,07.333
Sab 25/05/2024 - Nocturna,08.722
Sab 25/05/2024 - Nocturna,09.199
Sab 25/05/2024 - Nocturna,10.397
Sab 25/05/2024 - Nocturna,11.245
Sab 25/05/2024 - Nocturna,12.895
Sab 25/05/2024 - Nocturna,13.946
Sab 25/05/2024 - Nocturna,14.390
Sab 25/05/2024 - Nocturna,15.045
Sab 25/05/2024 - Nocturna,16.841
Sab 25/05/2024 - Nocturna,17.556
Sab 25/05/2024 - Nocturna,18.064
Sab 25/05/2024 - Nocturna,19.590
Sab 25/05/2024 - Nocturna,20.359
Vie 24/05/2024 - Nocturna,01.008
Vie 24/05/2024 - Nocturna,02.303
Vie 24/05/2024 - Nocturna,03.177
Vie 24/05/2024 - Nocturna,04.666
Vie 24/05/2024 - Nocturna,05.243
Vie 24/05/2024 - Nocturna,06.983
Vie 24/05/2024 - Nocturna,07.108
Vie 24/05/2024 - Nocturna,08.692
Vie 24/05/2024 - Nocturna,09.836
Vie 24/05/2024 - Nocturna,10.319
Vie 24/05/2024 - Nocturna,11.342
Vie 24/05/2024 - Nocturna,12.042
Vie 24/05/2024 - Nocturna,13.750
Vie 24/05/2024 - Nocturna,14.034
Vie 24/05/2024 - Nocturna,15.243
Vie 24/05/2024 - Nocturna,16.234
Vie 24/05/2024 - Nocturna,17.067
Vie 24/05/2024 - Nocturna,18.294
Vie 24/05/2024 - Nocturna,19.381
Vie 24/05/2024 - Nocturna,20.436
Vie 24/05/2024 - Vespertina,01.492
Vie 24/05/2024 - Vespertina,02.838
Vie 24/05/2024 - Vespertina,03.915
Vie 24/05/2024 - Vespertina,04.730
Vie 24/05/2024 - Vespertina,05.437
Vie 24/05/2024 - Vespertina,06.018
Vie 24/05/2024 - Vespertina,07.217
Vie 24/05/2024 - Vespertina,08.243
Vie 24/05/2024 - Vespertina,09.840
Vie 24/05/2024 - Vespertina,10.244
Vie 24/05/2024 - Vespertina,11.149
Vie 24/05/2024 - Vespertina,12.322
Vie 24/05/2024 - Vespertina,13.040
Vie 24/05/2024 - Vespertina,14.922
Vie 24/05/2024 - Vespertina,15.462
Vie 24/05/2024 - Vespertina,16.546
Vie 24/05/2024 - Vespertina,17.038
Vie 24/05/2024 - Vespertina,18.465
Vie 24/05/2024 - Vespertina,19.438
Vie 24/05/2024 - Vespertina,20.066
Jue 23/05/2024 - Nocturna,01.327
Jue 23/05/2024 - Nocturna,02.604
Jue 23/05/2024 - Nocturna,03.393
Jue 23/05/2024 - Nocturna,04.944
Jue 23/05/2024 - Nocturna,05.644
Jue 23/05/2024 - Nocturna,06.564
Jue 23/05/2024 - Nocturna,07.633
Jue 23/05/2024 - Nocturna,08.809
Jue 23/05/2024 - Nocturna,09.713
Jue 23/05/2024 - Nocturna,10.572
Jue 23/05/2024 - Nocturna,11.821
Jue 23/05/2024 - Nocturna,12.494
Jue 23/05/2024 - Nocturna,13.251
Jue 23/05/2024 - Nocturna,14.807
Jue 23/05/2024 - Nocturna,15.452
Jue 23/05/2024 - Nocturna,16.416
Jue 23/05/2024 - Nocturna,17.142
Jue 23/05/2024 - Nocturna,18.376
Jue 23/05/2024 - Nocturna,19.799
Jue 23/05/2024 - Nocturna,20.311
Jue 23/05/2024 - Vespertina,01.994
Jue 23/05/2024 - Vespertina,02.596
Jue 23/05/2024 - Vespertina,03.922
Jue 23/05/2024 - Vespertina,04.238
Jue 23/05/2024 - Vespertina,05.090
Jue 23/05/2024 - Vespertina,06.726
Jue 23/05/2024 - Vespertina,07.453
Jue 23/05/2024 - Vespertina,08.714
Jue 23/05/2024 - Vespertina,09.042
Jue 23/05/2024 - Vespertina,10.769
Jue 23/05/2024 - Vespertina,11.600
Jue 23/05/2024 - Vespertina,12.104
Jue 23/05/2024 - Vespertina,13.584
Jue 23/05/2024 - Vespertina,14.980
Jue 23/05/2024 - Vespertina,15.535
Jue 23/05/2024 - Vespertina,16.978
Jue 23/05/2024 - Vespertina,17.915
Jue 23/05/2024 - Vespertina,18.457
Jue 23/05/2024 - Vespertina,19.638
Jue 23/05/2024 - Vespertina,20.472
Mie 22/05/2024 - Nocturna,01.914
Mie 22/05/2024 - Nocturna,02.896
Mie 22/05/2024 - Nocturna,03.760
Mie 22/05/2024 - Nocturna,04.436
Mie 22/05/2024 - Nocturna,05.058
Mie 22/05/2024 - Nocturna,06.418
Mie 22/05/2024 - Nocturna,07.853
Mie 22/05/2024 - Nocturna,08.886
Mie 22/05/2024 - Nocturna,09.190
Mie 22/05/2024 - Nocturna,10.187
Mie 22/05/2024 - Nocturna,11.479
Mie 22/05/2024 - Nocturna,12.899
Mie 22/05/2024 - Nocturna,13.374
Mie 22/05/2024 - Nocturna,14.133
Mie 22/05/2024 - Nocturna,15.494
Mie 22/05/2024 - Nocturna,16.062
Mie 22/05/2024 - Nocturna,17.794
Mie 22/05/2024 - Nocturna,18.994
Mie 22/05/2024 - Nocturna,19.302
Mie 22/05/2024 - Nocturna,20.998
Mie 22/05/2024 - Vespertina,01.192
Mie 22/05/2024 - Vespertina,02.075
Mie 22/05/2024 - Vespertina,03.877
Mie 22/05/2024 - Vespertina,04.463
Mie 22/05/2024 - Vespertina,05.175
Mie 22/05/2024 - Vespertina,06.669
Mie 22/05/2024 - Vespertina,07.487
Mie 22/05/2024 - Vespertina,08.591
Mie 22/05/2024 - Vespertina,09.370
Mie 22/05/2024 - Vespertina,10.913
Mie 22/05/2024 - Vespertina,11.984
Mie 22/05/2024 - Vespertina,12.122
Mie 22/05/2024 - Vespertina,13.969
Mie 22/05/2024 - Vespertina,14.212
Mie 22/05/2024 - Vespertina,15.833
Mie 22/05/2024 - Vespertina,16.886
Mie 22/05/2024 - Vespertina,17.512
Mie 22/05/2024 - Vespertina,18.721
Mie 22/05/2024 - Vespertina,19.144
Mie 22/05/2024 - Vespertina,20.449
Mar 21/05/2024 - Nocturna,01.593
Mar 21/05/2024 - Nocturna,02.934
Mar 21/05/2024 - Nocturna,03.064
Mar 21/05/2024 - Nocturna,04.054
Mar 21/05/2024 - Nocturna,05.849
Mar 21/05/2024 - Nocturna,06.825
Mar 21/05/2024 - Nocturna,07.871
Mar 21/05/2024 - Nocturna,08.095
Mar 21/05/2024 - Nocturna,09.902
Mar 21/05/2024 - Nocturna,10.379
Mar 21/05/2024 - Nocturna,11.564
Mar 21/05/2024 - Nocturna,12.308
Mar 21/05/2024 - Nocturna,13.280
Mar 21/05/2024 - Nocturna,14.496
Mar 21/05/2024 - Nocturna,15.133
Mar 21/05/2024 - Nocturna,16.087
Mar 21/05/2024 - Nocturna,17.164
Mar 21/05/2024 - Nocturna,18.728
Mar 21/05/2024 - Nocturna,19.537
Mar 21/05/2024 - Nocturna,20.132
Mar 21/05/2024 - Vespertina,01.273
Mar 21/05/2024 - Vespertina,02.018
Mar 21/05/2024 - Vespertina,03.019
Mar 21/05/2024 - Vespertina,04.709
Mar 21/05/2024 - Vespertina,05.534
Mar 21/05/2024 - Vespertina,06.261
Mar 21/05/2024 - Vespertina,07.323
Mar 21/05/2024 - Vespertina,08.462
Mar 21/05/2024 - Vespertina,09.995
Mar 21/05/2024 - Vespertina,10.465
Mar 21/05/2024 - Vespertina,11.139
Mar 21/05/2024 - Vespertina,12.973
Mar 21/05/2024 - Vespertina,13.899
Mar 21/05/2024 - Vespertina,14.906
Mar 21/05/2024 - Vespertina,15.967
Mar 21/05/2024 - Vespertina,16.847
Mar 21/05/2024 - Vespertina,17.713
Mar 21/05/2024 - Vespertina,18.721
Mar 21/05/2024 - Vespertina,19.138
Mar 21/05/2024 - Vespertina,20.035
Lun 20/05/2024 - Nocturna,01.870
Lun 20/05/2024 - Nocturna,02.568
Lun 20/05/2024 - Nocturna,03.693
Lun 20/05/2024 - Nocturna,04.606
Lun 20/05/2024 - Nocturna,05.919
Lun 20/05/2024 - Nocturna,06.183
Lun 20/05/2024 - Nocturna,07.472
Lun 20/05/2024 - Nocturna,08.945
Lun 20/05/2024 - Nocturna,09.743
Lun 20/05/2024 - Nocturna,10.525
Lun 20/05/2024 - Nocturna,11.710
Lun 20/05/2024 - Nocturna,12.056
Lun 20/05/2024 - Nocturna,13.916
Lun 20/05/2024 - Nocturna,14.034
Lun 20/05/2024 - Nocturna,15.321
Lun 20/05/2024 - Nocturna,16.547
Lun 20/05/2024 - Nocturna,17.493
Lun 20/05/2024 - Nocturna,18.773
Lun 20/05/2024 - Nocturna,19.436
Lun 20/05/2024 - Nocturna,20.809
Lun 20/05/2024 - Vespertina,01.870
Lun 20/05/2024 - Vespertina,02.568
Lun 20/05/2024 - Vespertina,03.693
Lun 20/05/2024 - Vespertina,04.606
Lun 20/05/2024 - Vespertina,05.919
Lun 20/05/2024 - Vespertina,06.183
Lun 20/05/2024 - Vespertina,07.472
Lun 20/05/2024 - Vespertina,08.945
Lun 20/05/2024 - Vespertina,09.743
Lun 20/05/2024 - Vespertina,10.525
Lun 20/05/2024 - Vespertina,11.710
Lun 20/05/2024 - Vespertina,12.056
Lun 20/05/2024 - Vespertina,13.916
Lun 20/05/2024 - Vespertina,14.034
Lun 20/05/2024 - Vespertina,15.321
Lun 20/05/2024 - Vespertina,16.547
Lun 20/05/2024 - Vespertina,17.493
Lun 20/05/2024 - Vespertina,18.773
Lun 20/05/2024 - Vespertina,19.436
Lun 20/05/2024 - Vespertina,20.809
Vie 17/05/2024 - Nocturna,01.065
Vie 17/05/2024 - Nocturna,02.933
Vie 17/05/2024 - Nocturna,03.846
Vie 17/05/2024 - Nocturna,04.844
Vie 17/05/2024 - Nocturna,05.511
Vie 17/05/2024 - Nocturna,06.627
Vie 17/05/2024 - Nocturna,07.258
Vie 17/05/2024 - Nocturna,08.634
Vie 17/05/2024 - Nocturna,09.682
Vie 17/05/2024 - Nocturna,10.812
Vie 17/05/2024 - Nocturna,11.806
Vie 17/05/2024 - Nocturna,12.344
Vie 17/05/2024 - Nocturna,13.791
Vie 17/05/2024 - Nocturna,14.885
Vie 17/05/2024 - Nocturna,15.626
Vie 17/05/2024 - Nocturna,16.237
Vie 17/05/2024 - Nocturna,17.683
Vie 17/05/2024 - Nocturna,18.664
Vie 17/05/2024 - Nocturna,19.324
Vie 17/05/2024 - Nocturna,20.712
Vie 17/05/2024 - Vespertina,01.959
Vie 17/05/2024 - Vespertina,02.245
Vie 17/05/2024 - Vespertina,03.202
Vie 17/05/2024 - Vespertina,04.357
Vie 17/05/2024 - Vespertina,05.552
Vie 17/05/2024 - Vespertina,06.239
Vie 17/05/2024 - Vespertina,07.392
Vie 17/05/2024 - Vespertina,08.825
Vie 17/05/2024 - Vespertina,09.340
Vie 17/05/2024 - Vespertina,10.698
Vie 17/05/2024 - Vespertina,11.266
Vie 17/05/2024 - Vespertina,12.449
Vie 17/05/2024 - Vespertina,13.191
Vie 17/05/2024 - Vespertina,14.936
Vie 17/05/2024 - Vespertina,15.600
Vie 17/05/2024 - Vespertina,16.054
Vie 17/05/2024 - Vespertina,17.791
Vie 17/05/2024 - Vespertina,18.399
Vie 17/05/2024 - Vespertina,19.295
Vie 17/05/2024 - Vespertina,20.845
Jue 16/05/2024 - Nocturna,01.743
Jue 16/05/2024 - Nocturna,02.475
Jue 16/05/2024 - Nocturna,03.720
Jue 16/05/2024 - Nocturna,04.102
Jue 16/05/2024 - Nocturna,05.884
Jue 16/05/2024 - Nocturna,06.259
Jue 16/05/2024 - Nocturna,07.023
Jue 16/05/2024 - Nocturna,08.501
Jue 16/05/2024 - Nocturna,09.127
Jue 16/05/2024 - Nocturna,10.733
Jue 16/05/2024 - Nocturna,11.788
Jue 16/05/2024 - Nocturna,12.923
Jue 16/05/2024 - Nocturna,13.665
Jue 16/05/2024 - Nocturna,14.023
Jue 16/05/2024 - Nocturna,15.117
Jue 16/05/2024 - Nocturna,16.456
Jue 16/05/2024 - Nocturna,17.152
Jue 16/05/2024 - Nocturna,18.238
Jue 16/05/2024 - Nocturna,19.354
Jue 16/05/2024 - Nocturna,20.604
Jue 16/05/2024 - Vespertina,01.860
Jue 16/05/2024 - Vespertina,02.555
Jue 16/05/2024 - Vespertina,03.719
Jue 16/05/2024 - Vespertina,04.163
Jue 16/05/2024 - Vespertina,05.908
Jue 16/05/2024 - Vespertina,06.822
Jue 16/05/2024 - Vespertina,07.462
Jue 16/05/2024 - Vespertina,08.467
Jue 16/05/2024 - Vespertina,09.343
Jue 16/05/2024 - Vespertina,10.979
Jue 16/05/2024 - Vespertina,11.337
Jue 16/05/2024 - Vespertina,12.316
Jue 16/05/2024 - Vespertina,13.467
Jue 16/05/2024 - Vespertina,14.799
Jue 16/05/2024 - Vespertina,15.216
Jue 16/05/2024 - Vespertina,16.687
Jue 16/05/2024 - Vespertina,17.112
Jue 16/05/2024 - Vespertina,18.881
Jue 16/05/2024 - Vespertina,19.946
Jue 16/05/2024 - Vespertina,20.110
Mie 15/05/2024 - Nocturna,01.849
Mie 15/05/2024 - Nocturna,02.501
Mie 15/05/2024 - Nocturna,03.558
Mie 15/05/2024 - Nocturna,04.374
Mie 15/05/2024 - Nocturna,05.754
Mie 15/05/2024 - Nocturna,06.624
Mie 15/05/2024 - Nocturna,07.723
Mie 15/05/2024 - Nocturna,08.352
Mie 15/05/2024 - Nocturna,09.792
Mie 15/05/2024 - Nocturna,10.574
Mie 15/05/2024 - Nocturna,11.036
Mie 15/05/2024 - Nocturna,12.038
Mie 15/05/2024 - Nocturna,13.607
Mie 15/05/2024 - Nocturna,14.419
Mie 15/05/2024 - Nocturna,15.502
Mie 15/05/2024 - Nocturna,16.346
Mie 15/05/2024 - Nocturna,17.582
Mie 15/05/2024 - Nocturna,18.007
Mie 15/05/2024 - Nocturna,19.538
Mie 15/05/2024 - Nocturna,20.018
Mie 15/05/2024 - Vespertina,01.771
Mie 15/05/2024 - Vespertina,02.911
Mie 15/05/2024 - Vespertina,03.078
Mie 15/05/2024 - Vespertina,04.701
Mie 15/05/2024 - Vespertina,05.819
Mie 15/05/2024 - Vespertina,06.943
Mie 15/05/2024 - Vespertina,07.139
Mie 15/05/2024 - Vespertina,08.377
Mie 15/05/2024 - Vespertina,09.937
Mie 15/05/2024 - Vespertina,10.472
Mie 15/05/2024 - Vespertina,11.681
Mie 15/05/2024 - Vespertina,12.672
Mie 15/05/2024 - Vespertina,13.963
Mie 15/05/2024 - Vespertina,14.164
Mie 15/05/2024 - Vespertina,15.047
Mie 15/05/2024 - Vespertina,16.458
Mie 15/05/2024 - Vespertina,17.110
Mie 15/05/2024 - Vespertina,18.388
Mie 15/05/2024 - Vespertina,19.668
Mie 15/05/2024 - Vespertina,20.606
Mar 14/05/2024 - Nocturna,01.256
Mar 14/05/2024 - Nocturna,02.155
Mar 14/05/2024 - Nocturna,03.520
Mar 14/05/2024 - Nocturna,04.493
Mar 14/05/2024 - Nocturna,05.602
Mar 14/05/2024 - Nocturna,06.217
Mar 14/05/2024 - Nocturna,07.329
Mar 14/05/2024 - Nocturna,08.338
Mar 14/05/2024 - Nocturna,09.148
Mar 14/05/2024 - Nocturna,10.814
Mar 14/05/2024 - Nocturna,11.688
Mar 14/05/2024 - Nocturna,12.434
Mar 14/05/2024 - Nocturna,13.549
Mar 14/05/2024 - Nocturna,14.010
Mar 14/05/2024 - Nocturna,15.529
Mar 14/05/2024 - Nocturna,16.334
Mar 14/05/2024 - Nocturna,17.549
Mar 14/05/2024 - Nocturna,18.427
Mar 14/05/2024 - Nocturna,19.350
Mar 14/05/2024 - Nocturna,20.570
Mar 14/05/2024 - Vespertina,01.561
Mar 14/05/2024 - Vespertina,02.348
Mar 14/05/2024 - Vespertina,03.675
Mar 14/05/2024 - Vespertina,04.879
Mar 14/05/2024 - Vespertina,05.682
Mar 14/05/2024 - Vespertina,06.232
Mar 14/05/2024 - Vespertina,07.432
Mar 14/05/2024 - Vespertina,08.655
Mar 14/05/2024 - Vespertina,09.394
Mar 14/05/2024 - Vespertina,10.862
Mar 14/05/2024 - Vespertina,11.925
Mar 14/05/2024 - Vespertina,12.144
Mar 14/05/2024 - Vespertina,13.417
Mar 14/05/2024 - Vespertina,14.859
Mar 14/05/2024 - Vespertina,15.308
Mar 14/05/2024 - Vespertina,16.848
Mar 14/05/2024 - Vespertina,17.239
Mar 14/05/2024 - Vespertina,18.495
Mar 14/05/2024 - Vespertina,19.702
Mar 14/05/2024 - Vespertina,20.857
Lun 13/05/2024 - Nocturna,01.093
Lun 13/05/2024 - Nocturna,02.678
Lun 13/05/2024 - Nocturna,03.091
Lun 13/05/2024 - Nocturna,04.084
Lun 13/05/2024 - Nocturna,05.493
Lun 13/05/2024 - Nocturna,06.551
Lun 13/05/2024 - Nocturna,07.812
Lun 13/05/2024 - Nocturna,08.925
Lun 13/05/2024 - Nocturna,09.882
Lun 13/05/2024 - Nocturna,10.754
Lun 13/05/2024 - Nocturna,11.080
Lun 13/05/2024 - Nocturna,12.463
Lun 13/05/2024 - Nocturna,13.459
Lun 13/05/2024 - Nocturna,14.105
Lun 13/05/2024 - Nocturna,15.290
Lun 13/05/2024 - Nocturna,16.004
Lun 13/05/2024 - Nocturna,17.296
Lun 13/05/2024 - Nocturna,18.675
Lun 13/05/2024 - Nocturna,19.331
Lun 13/05/2024 - Nocturna,20.140
Lun 13/05/2024 - Vespertina,01.866
Lun 13/05/2024 - Vespertina,02.308
Lun 13/05/2024 - Vespertina,03.186
Lun 13/05/2024 - Vespertina,04.984
Lun 13/05/2024 - Vespertina,05.074
Lun 13/05/2024 - Vespertina,06.875
Lun 13/05/2024 - Vespertina,07.341
Lun 13/05/2024 - Vespertina,08.950
Lun 13/05/2024 - Vespertina,09.928
Lun 13/05/2024 - Vespertina,10.748
Lun 13/05/2024 - Vespertina,11.605
Lun 13/05/2024 - Vespertina,12.122
Lun 13/05/2024 - Vespertina,13.820
Lun 13/05/2024 - Vespertina,14.813
Lun 13/05/2024 - Vespertina,15.226
Lun 13/05/2024 - Vespertina,16.152
Lun 13/05/2024 - Vespertina,17.236
Lun 13/05/2024 - Vespertina,18.219
Lun 13/05/2024 - Vespertina,19.850
Lun 13/05/2024 - Vespertina,20.420
Sab 11/05/2024 - Nocturna,01.144
Sab 11/05/2024 - Nocturna,02.698
Sab 11/05/2024 - Nocturna,03.773
Sab 11/05/2024 - Nocturna,04.070
Sab 11/05/2024 - Nocturna,05.372
Sab 11/05/2024 - Nocturna,06.628
Sab 11/05/2024 - Nocturna,07.331
Sab 11/05/2024 - Nocturna,08.545
Sab 11/05/2024 - Nocturna,09.009
Sab 11/05/2024 - Nocturna,10.793
Sab 11/05/2024 - Nocturna,11.767
Sab 11/05/2024 - Nocturna,12.001
Sab 11/05/2024 - Nocturna,13.943
Sab 11/05/2024 - Nocturna,14.502
Sab 11/05/2024 - Nocturna,15.669
Sab 11/05/2024 - Nocturna,16.854
Sab 11/05/2024 - Nocturna,17.850
Sab 11/05/2024 - Nocturna,18.326
Sab 11/05/2024 - Nocturna,19.773
Sab 11/05/2024 - Nocturna,20.750
Vie 10/05/2024 - Nocturna,01.503
Vie 10/05/2024 - Nocturna,02.820
Vie 10/05/2024 - Nocturna,03.790
Vie 10/05/2024 - Nocturna,04.931
Vie 10/05/2024 - Nocturna,05.705
Vie 10/05/2024 - Nocturna,06.941
Vie 10/05/2024 - Nocturna,07.887
Vie 10/05/2024 - Nocturna,08.562
Vie 10/05/2024 - Nocturna,09.101
Vie 10/05/2024 - Nocturna,10.613
Vie 10/05/2024 - Nocturna,11.834
Vie 10/05/2024 - Nocturna,12.384
Vie 10/05/2024 - Nocturna,13.060
Vie 10/05/2024 - Nocturna,14.159
Vie 10/05/2024 - Nocturna,15.799
Vie 10/05/2024 - Nocturna,16.855
Vie 10/05/2024 - Nocturna,17.534
Vie 10/05/2024 - Nocturna,18.870
Vie 10/05/2024 - Nocturna,19.530
Vie 10/05/2024 - Nocturna,20.417
Vie 10/05/2024 - Vespertina,01.187
Vie 10/05/2024 - Vespertina,02.419
Vie 10/05/2024 - Vespertina,03.479
Vie 10/05/2024 - Vespertina,04.509
Vie 10/05/2024 - Vespertina,05.047
Vie 10/05/2024 - Vespertina,06.555
Vie 10/05/2024 - Vespertina,07.889
Vie 10/05/2024 - Vespertina,08.513
Vie 10/05/2024 - Vespertina,09.611
Vie 10/05/2024 - Vespertina,10.662
Vie 10/05/2024 - Vespertina,11.689
Vie 10/05/2024 - Vespertina,12.486
Vie 10/05/2024 - Vespertina,13.191
Vie 10/05/2024 - Vespertina,14.896
Vie 10/05/2024 - Vespertina,15.939
Vie 10/05/2024 - Vespertina,16.360
Vie 10/05/2024 - Vespertina,17.189
Vie 10/05/2024 - Vespertina,18.659
Vie 10/05/2024 - Vespertina,19.947
Vie 10/05/2024 - Vespertina,20.969
Jue 09/05/2024 - Nocturna,01.840
Jue 09/05/2024 - Nocturna,02.820
Jue 09/05/2024 - Nocturna,03.786
Jue 09/05/2024 - Nocturna,04.581
Jue 09/05/2024 - Nocturna,05.467
Jue 09/05/2024 - Nocturna,06.489
Jue 09/05/2024 - Nocturna,07.774
Jue 09/05/2024 - Nocturna,08.962
Jue 09/05/2024 - Nocturna,09.535
Jue 09/05/2024 - Nocturna,10.481
Jue 09/05/2024 - Nocturna,11.546
Jue 09/05/2024 - Nocturna,12.177
Jue 09/05/2024 - Nocturna,13.801
Jue 09/05/2024 - Nocturna,14.450
Jue 09/05/2024 - Nocturna,15.760
Jue 09/05/2024 - Nocturna,16.587
Jue 09/05/2024 - Nocturna,17.929
Jue 09/05/2024 - Nocturna,18.700
Jue 09/05/2024 - Nocturna,19.586
Jue 09/05/2024 - Nocturna,20.449
Jue 09/05/2024 - Vespertina,01.971
Jue 09/05/2024 - Vespertina,02.745
Jue 09/05/2024 - Vespertina,03.318
Jue 09/05/2024 - Vespertina,04.813
Jue 09/05/2024 - Vespertina,05.162
Jue 09/05/2024 - Vespertina,06.434
Jue 09/05/2024 - Vespertina,07.538
Jue 09/05/2024 - Vespertina,08.881
Jue 09/05/2024 - Vespertina,09.622
Jue 09/05/2024 - Vespertina,10.970
Jue 09/05/2024 - Vespertina,11.982
Jue 09/05/2024 - Vespertina,12.242
Jue 09/05/2024 - Vespertina,13.676
Jue 09/05/2024 - Vespertina,14.267
Jue 09/05/2024 - Vespertina,15.113
Jue 09/05/2024 - Vespertina,16.690
Jue 09/05/2024 - Vespertina,17.026
Jue 09/05/2024 - Vespertina,18.447
Jue 09/05/2024 - Vespertina,19.187
Jue 09/05/2024 - Vespertina,20.743
Mie 08/05/2024 - Nocturna,01.861
Mie 08/05/2024 - Nocturna,02.559
Mie 08/05/2024 - Nocturna,03.361
Mie 08/05/2024 - Nocturna,04.905
Mie 08/05/2024 - Nocturna,05.722
Mie 08/05/2024 - Nocturna,06.035
Mie 08/05/2024 - Nocturna,07.157
Mie 08/05/2024 - Nocturna,08.948
Mie 08/05/2024 - Nocturna,09.828
Mie 08/05/2024 - Nocturna,10.989
Mie 08/05/2024 - Nocturna,11.033
Mie 08/05/2024 - Nocturna,12.290
Mie 08/05/2024 - Nocturna,13.936
Mie 08/05/2024 - Nocturna,14.028
Mie 08/05/2024 - Nocturna,15.182
Mie 08/05/2024 - Nocturna,16.781
Mie 08/05/2024 - Nocturna,17.473
Mie 08/05/2024 - Nocturna,18.048
Mie 08/05/2024 - Nocturna,19.815
Mie 08/05/2024 - Nocturna,20.303
Mie 08/05/2024 - Vespertina,01.406
Mie 08/05/2024 - Vespertina,02.058
Mie 08/05/2024 - Vespertina,03.031
Mie 08/05/2024 - Vespertina,04.496
Mie 08/05/2024 - Vespertina,05.790
Mie 08/05/2024 - Vespertina,06.530
Mie 08/05/2024 - Vespertina,07.022
Mie 08/05/2024 - Vespertina,08.560
Mie 08/05/2024 - Vespertina,09.772
Mie 08/05/2024 - Vespertina,10.468
Mie 08/05/2024 - Vespertina,11.830
Mie 08/05/2024 - Vespertina,12.017
Mie 08/05/2024 - Vespertina,13.262
Mie 08/05/2024 - Vespertina,14.031
Mie 08/05/2024 - Vespertina,15.776
Mie 08/05/2024 - Vespertina,16.783
Mie 08/05/2024 - Vespertina,17.788
Mie 08/05/2024 - Vespertina,18.269
Mie 08/05/2024 - Vespertina,19.629
Mie 08/05/2024 - Vespertina,20.128
Mar 07/05/2024 - Nocturna,01.093
Mar 07/05/2024 - Nocturna,02.354
Mar 07/05/2024 - Nocturna,03.702
Mar 07/05/2024 - Nocturna,04.933
Mar 07/05/2024 - Nocturna,05.013
Mar 07/05/2024 - Nocturna,06.185
Mar 07/05/2024 - Nocturna,07.409
Mar 07/05/2024 - Nocturna,08.484
Mar 07/05/2024 - Nocturna,09.658
Mar 07/05/2024 - Nocturna,10.772
Mar 07/05/2024 - Nocturna,11.648
Mar 07/05/2024 - Nocturna,12.604
Mar 07/05/2024 - Nocturna,13.279
Mar 07/05/2024 - Nocturna,14.078
Mar 07/05/2024 - Nocturna,15.527
Mar 07/05/2024 - Nocturna,16.686
Mar 07/05/2024 - Nocturna,17.340
Mar 07/05/2024 - Nocturna,18.645
Mar 07/05/2024 - Nocturna,19.842
Mar 07/05/2024 - Nocturna,20.202
Mar 07/05/2024 - Vespertina,01.136
Mar 07/05/2024 - Vespertina,02.375
Mar 07/05/2024 - Vespertina,03.733
Mar 07/05/2024 - Vespertina,04.912
Mar 07/05/2024 - Vespertina,05.193
Mar 07/05/2024 - Vespertina,06.035
Mar 07/05/2024 - Vespertina,07.363
Mar 07/05/2024 - Vespertina,08.415
Mar 07/05/2024 - Vespertina,09.705
Mar 07/05/2024 - Vespertina,10.764
Mar 07/05/2024 - Vespertina,11.486
Mar 07/05/2024 - Vespertina,12.112
Mar 07/05/2024 - Vespertina,13.840
Mar 07/05/2024 - Vespertina,14.039
Mar 07/05/2024 - Vespertina,15.470
Mar 07/05/2024 - Vespertina,16.431
Mar 07/05/2024 - Vespertina,17.590
Mar 07/05/2024 - Vespertina,18.004
Mar 07/05/2024 - Vespertina,19.570
Mar 07/05/2024 - Vespertina,20.710
Lun 06/05/2024 - Nocturna,01.986
Lun 06/05/2024 - Nocturna,02.859
Lun 06/05/2024 - Nocturna,03.849
Lun 06/05/2024 - Nocturna,04.064
Lun 06/05/2024 - Nocturna,05.802
Lun 06/05/2024 - Nocturna,06.786
Lun 06/05/2024 - Nocturna,07.072
Lun 06/05/2024 - Nocturna,08.970
Lun 06/05/2024 - Nocturna,09.016
Lun 06/05/2024 - Nocturna,10.611
Lun 06/05/2024 - Nocturna,11.964
Lun 06/05/2024 - Nocturna,12.958
Lun 06/05/2024 - Nocturna,13.049
Lun 06/05/2024 - Nocturna,14.732
Lun 06/05/2024 - Nocturna,15.475
Lun 06/05/2024 - Nocturna,16.214
Lun 06/05/2024 - Nocturna,17.307
Lun 06/05/2024 - Nocturna,18.249
Lun 06/05/2024 - Nocturna,19.712
Lun 06/05/2024 - Nocturna,20.717
